fecha,real,prediccion,baseline
2026-07-30,268.3,243.30142711870155,251.3
2026-07-31,266.4,245.15208353856093,251.3
2026-08-01,267.5,239.51112808377505,201.4
2026-08-02,248.2,239.31351936436872,197.8
2026-08-03,220.7,233.22664775137181,263.9
2026-08-04,264.5,231.31923462753426,263.2
2026-08-05,287.2,248.36179177552756,269.8
2026-08-06,277.6,256.581241543957,268.3
2026-08-07,278.3,255.86072572926756,266.4
2026-08-08,243.1,248.12137720208725,267.5
2026-08-09,249.2,226.56546880663532,248.2
2026-08-10,256.9,244.67405266325616,220.7
2026-08-11,280.5,246.62758405641958,264.5
2026-08-12,273.1,257.95068492448394,287.2
2026-08-13,270.7,251.55254182913055,277.6
2026-08-14,240.5,243.3246131961686,278.3
2026-08-15,191.9,205.78040345349785,243.1
2026-08-16,232.4,201.15212607305287,249.2
2026-08-17,263.5,230.49893169506473,256.9
2026-08-18,274.3,239.02270404070956,280.5
2026-08-19,261.2,244.6572859268136,273.1
2026-08-20,205.0,230.41760571823428,270.7
2026-08-21,240.7,206.35400546906172,240.5
2026-08-22,201.8,207.43938220098786,191.9
2026-08-23,191.5,193.17952700455456,232.4
2026-08-24,186.7,198.0948513858124,263.5
2026-08-25,231.7,191.83602527422343,274.3
2026-08-26,190.1,207.50544433571548,261.2
2026-08-27,177.5,152.6863656068017,205.0
2026-08-28,209.8,187.60196553100317,240.7
2026-08-29,205.2,191.385664706033,201.8
2026-08-30,198.0,184.43710623419227,191.5
2026-08-31,244.1,194.43604977565815,186.7
2026-09-01,229.6,225.6392105131788,231.7
2026-09-02,247.9,217.53354874205746,190.1
2026-09-03,271.3,225.60998078925857,177.5
2026-09-04,242.1,237.80978114958995,209.8
2026-09-05,181.1,197.8268019320804,205.2
2026-09-06,203.8,188.62796553105136,198.0
2026-09-07,246.3,217.28458989328854,244.1
2026-09-08,229.4,225.92866540512134,229.6
2026-09-09,215.6,217.9226435527159,247.9
2026-09-10,239.7,215.73866069165254,271.3
2026-09-11,225.1,225.23708257406045,242.1
2026-09-12,209.7,207.87810415343975,181.1
2026-09-13,216.9,199.17429284408811,203.8
2026-09-14,246.2,219.54952958316863,246.3
2026-09-15,251.2,224.01700402705467,229.4
2026-09-16,189.0,210.62753406058349,215.6
2026-09-17,203.1,189.24229637084878,239.7
2026-09-18,218.9,201.048965571021,225.1
2026-09-19,206.1,202.2410402112172,209.7
2026-09-20,193.0,192.90726634068554,216.9
2026-09-21,230.2,202.85560140102524,246.2
2026-09-22,228.6,213.06002720641484,251.2
2026-09-23,235.0,205.19599406755168,189.0
2026-09-24,225.9,208.64734208804805,203.1
2026-09-25,233.8,207.6732733413508,218.9
2026-09-26,206.7,197.96384613154316,206.1
2026-09-27,156.5,172.54604882677145,193.0
