fecha,demanda_gwh,temperatura_madrid
2021-01-01,608.7,3.6
2021-01-02,680.4,1.7
2021-01-03,684.5,1.4
2021-01-04,793.6,1.6
2021-01-05,806.6,-0.3
2021-01-06,700.1,-0.5
2021-01-07,854.3,-0.4
2021-01-08,872.4,-0.3
2021-01-09,773.3,-0.4
2021-01-10,735.6,1.0
2021-01-11,851.7,0.4
2021-01-12,875.1,-2.7
2021-01-13,874.9,-2.3
2021-01-14,873.6,-3.2
2021-01-15,859.4,0.0
2021-01-16,765.0,-0.2
2021-01-17,709.0,-1.7
2021-01-18,827.6,-0.4
2021-01-19,846.1,-1.5
2021-01-20,850.3,1.9
2021-01-21,817.6,7.8
2021-01-22,794.5,7.6
2021-01-23,719.5,5.9
2021-01-24,655.0,9.1
2021-01-25,775.2,10.0
2021-01-26,770.8,11.3
2021-01-27,753.3,13.3
2021-01-28,744.1,11.1
2021-01-29,733.2,10.1
2021-01-30,672.2,10.1
2021-01-31,631.7,9.0
2021-02-01,725.3,10.4
2021-02-02,742.0,9.9
2021-02-03,744.0,9.6
2021-02-04,742.4,10.4
2021-02-05,742.2,10.7
2021-02-06,673.2,8.2
2021-02-07,635.2,7.3
2021-02-08,757.8,7.7
2021-02-09,789.4,7.4
2021-02-10,767.9,8.6
2021-02-11,757.9,9.8
2021-02-12,744.9,11.0
2021-02-13,664.0,8.7
2021-02-14,627.4,8.3
2021-02-15,743.8,8.4
2021-02-16,751.4,7.9
2021-02-17,752.7,9.4
2021-02-18,755.0,9.2
2021-02-19,749.0,9.6
2021-02-20,667.8,10.4
2021-02-21,636.8,9.6
2021-02-22,743.3,7.4
2021-02-23,750.9,7.3
2021-02-24,747.4,8.4
2021-02-25,744.8,8.9
2021-02-26,740.0,10.0
2021-02-27,664.3,10.9
2021-02-28,621.2,8.9
2021-03-01,730.8,8.0
2021-03-02,749.8,9.6
2021-03-03,744.2,10.3
2021-03-04,740.3,9.6
2021-03-05,735.7,10.1
2021-03-06,658.5,10.9
2021-03-07,622.7,9.8
2021-03-08,742.9,7.7
2021-03-09,758.4,8.2
2021-03-10,750.8,7.3
2021-03-11,739.5,11.1
2021-03-12,729.1,10.5
2021-03-13,646.3,8.7
2021-03-14,606.5,9.4
2021-03-15,719.3,10.2
2021-03-16,732.0,11.8
2021-03-17,729.8,12.2
2021-03-18,741.5,8.9
2021-03-19,706.0,7.3
2021-03-20,670.5,6.5
2021-03-21,630.1,8.2
2021-03-22,735.1,9.1
2021-03-23,739.4,11.0
2021-03-24,731.6,12.4
2021-03-25,726.3,13.1
2021-03-26,719.3,13.7
2021-03-27,648.5,13.1
2021-03-28,571.6,14.1
2021-03-29,691.6,14.9
2021-03-30,695.3,16.0
2021-03-31,679.7,16.0
2021-04-01,603.8,16.4
2021-04-02,558.1,13.4
2021-04-03,577.9,13.0
2021-04-04,551.3,12.6
2021-04-05,604.0,13.0
2021-04-06,678.9,14.2
2021-04-07,706.8,12.5
2021-04-08,711.3,12.2
2021-04-09,713.8,11.0
2021-04-10,641.3,12.0
2021-04-11,594.1,12.1
2021-04-12,692.9,10.0
2021-04-13,717.4,10.3
2021-04-14,716.7,13.1
2021-04-15,722.2,13.0
2021-04-16,713.6,11.5
2021-04-17,642.9,9.2
2021-04-18,593.3,10.6
2021-04-19,697.8,13.1
2021-04-20,709.8,13.4
2021-04-21,710.8,12.3
2021-04-22,713.2,12.3
2021-04-23,685.4,13.2
2021-04-24,620.3,13.1
2021-04-25,584.8,12.3
2021-04-26,689.2,13.6
2021-04-27,703.1,13.6
2021-04-28,698.3,13.4
2021-04-29,697.9,12.7
2021-04-30,689.0,11.2
2021-05-01,577.5,11.3
2021-05-02,559.2,12.0
2021-05-03,667.4,12.1
2021-05-04,690.0,14.0
2021-05-05,690.7,16.4
2021-05-06,689.0,17.9
2021-05-07,681.4,20.0
2021-05-08,612.8,21.3
2021-05-09,574.0,16.5
2021-05-10,672.5,11.6
2021-05-11,690.3,11.5
2021-05-12,696.4,14.0
2021-05-13,695.3,14.4
2021-05-14,688.4,16.7
2021-05-15,622.9,19.1
2021-05-16,580.6,20.0
2021-05-17,668.9,19.6
2021-05-18,696.8,20.4
2021-05-19,698.2,19.2
2021-05-20,697.8,20.2
2021-05-21,692.0,22.7
2021-05-22,621.6,18.1
2021-05-23,574.2,15.2
2021-05-24,659.0,16.1
2021-05-25,687.5,18.6
2021-05-26,692.3,19.7
2021-05-27,694.6,21.6
2021-05-28,687.2,20.7
2021-05-29,625.6,22.7
2021-05-30,579.6,24.2
2021-05-31,683.3,24.6
2021-06-01,696.0,19.9
2021-06-02,700.5,19.5
2021-06-03,698.6,22.2
2021-06-04,693.0,22.2
2021-06-05,623.0,18.7
2021-06-06,576.7,20.5
2021-06-07,687.7,23.7
2021-06-08,719.3,25.7
2021-06-09,728.0,26.9
2021-06-10,739.2,26.8
2021-06-11,732.8,25.2
2021-06-12,663.4,24.4
2021-06-13,616.2,25.6
2021-06-14,737.9,25.9
2021-06-15,759.4,26.6
2021-06-16,755.3,25.4
2021-06-17,733.0,18.9
2021-06-18,720.6,18.9
2021-06-19,646.9,18.6
2021-06-20,594.4,16.7
2021-06-21,695.3,16.8
2021-06-22,710.4,17.0
2021-06-23,701.3,18.4
2021-06-24,667.4,20.5
2021-06-25,694.5,23.9
2021-06-26,651.1,26.1
2021-06-27,606.9,24.6
2021-06-28,706.5,21.9
2021-06-29,727.9,22.8
2021-06-30,745.0,24.9
2021-07-01,745.6,26.4
2021-07-02,751.1,26.9
2021-07-03,686.7,26.2
2021-07-04,645.2,26.0
2021-07-05,756.5,26.5
2021-07-06,765.5,21.5
2021-07-07,749.5,20.3
2021-07-08,743.1,22.3
2021-07-09,749.4,25.4
2021-07-10,698.5,28.9
2021-07-11,662.6,30.6
2021-07-12,763.1,25.4
2021-07-13,739.9,20.9
2021-07-14,742.6,22.5
2021-07-15,749.4,24.2
2021-07-16,755.8,27.3
2021-07-17,703.6,29.7
2021-07-18,657.1,29.9
2021-07-19,770.2,28.8
2021-07-20,786.1,29.3
2021-07-21,796.4,29.4
2021-07-22,807.7,30.3
2021-07-23,801.3,28.1
2021-07-24,708.9,25.1
2021-07-25,647.4,24.5
2021-07-26,741.8,24.2
2021-07-27,764.7,26.5
2021-07-28,777.5,27.9
2021-07-29,786.0,28.7
2021-07-30,780.5,28.4
2021-07-31,688.6,22.0
2021-08-01,610.0,20.3
2021-08-02,692.3,23.0
2021-08-03,716.5,25.2
2021-08-04,726.9,26.3
2021-08-05,737.2,26.8
2021-08-06,733.4,26.5
2021-08-07,676.4,24.5
2021-08-08,615.0,23.8
2021-08-09,688.3,26.4
2021-08-10,712.4,28.8
2021-08-11,736.0,30.6
2021-08-12,755.6,30.2
2021-08-13,762.8,31.3
2021-08-14,734.2,33.0
2021-08-15,692.8,32.0
2021-08-16,734.7,28.5
2021-08-17,734.2,25.1
2021-08-18,729.7,25.7
2021-08-19,723.1,26.5
2021-08-20,723.2,26.6
2021-08-21,680.2,27.3
2021-08-22,642.5,28.2
2021-08-23,740.2,29.3
2021-08-24,749.6,26.1
2021-08-25,738.2,24.5
2021-08-26,746.5,26.5
2021-08-27,752.0,27.9
2021-08-28,680.1,26.4
2021-08-29,625.7,25.0
2021-08-30,722.5,25.3
2021-08-31,747.8,25.0
2021-09-01,746.4,20.6
2021-09-02,733.3,19.6
2021-09-03,731.1,21.0
2021-09-04,661.1,22.6
2021-09-05,625.9,23.6
2021-09-06,750.9,24.9
2021-09-07,778.3,25.6
2021-09-08,758.8,23.1
2021-09-09,759.8,22.1
2021-09-10,743.1,23.0
2021-09-11,664.0,21.6
2021-09-12,624.5,23.1
2021-09-13,730.6,22.0
2021-09-14,744.9,18.5
2021-09-15,740.7,18.0
2021-09-16,726.4,18.8
2021-09-17,714.2,20.0
2021-09-18,639.5,19.8
2021-09-19,588.1,17.3
2021-09-20,692.1,17.7
2021-09-21,696.8,16.0
2021-09-22,701.7,16.0
2021-09-23,704.5,18.2
2021-09-24,697.2,18.4
2021-09-25,631.1,17.0
2021-09-26,582.9,17.2
2021-09-27,686.2,18.0
2021-09-28,706.3,17.5
2021-09-29,710.1,17.5
2021-09-30,702.5,17.8
2021-10-01,692.9,18.3
2021-10-02,630.3,18.3
2021-10-03,585.7,15.6
2021-10-04,665.6,12.8
2021-10-05,681.3,16.2
2021-10-06,695.4,17.1
2021-10-07,689.3,16.7
2021-10-08,685.1,18.1
2021-10-09,612.7,16.9
2021-10-10,568.7,16.9
2021-10-11,615.6,17.0
2021-10-12,577.4,16.8
2021-10-13,668.7,17.2
2021-10-14,682.6,15.6
2021-10-15,681.8,16.6
2021-10-16,616.1,15.7
2021-10-17,573.6,17.3
2021-10-18,675.5,17.2
2021-10-19,692.3,17.9
2021-10-20,693.1,17.4
2021-10-21,688.5,16.6
2021-10-22,682.3,15.2
2021-10-23,612.0,12.8
2021-10-24,571.1,12.4
2021-10-25,670.8,12.8
2021-10-26,692.3,13.9
2021-10-27,689.4,13.1
2021-10-28,691.1,13.4
2021-10-29,692.3,13.7
2021-10-30,626.7,16.3
2021-10-31,597.2,16.1
2021-11-01,576.4,14.9
2021-11-02,674.9,10.2
2021-11-03,695.2,9.0
2021-11-04,705.9,6.3
2021-11-05,717.2,6.5
2021-11-06,655.4,6.8
2021-11-07,616.1,6.3
2021-11-08,716.9,9.7
2021-11-09,728.0,9.1
2021-11-10,737.4,7.7
2021-11-11,738.4,7.5
2021-11-12,731.7,9.4
2021-11-13,652.7,9.5
2021-11-14,613.0,9.0
2021-11-15,725.7,10.5
2021-11-16,748.8,7.1
2021-11-17,753.7,8.5
2021-11-18,755.6,7.7
2021-11-19,746.4,8.8
2021-11-20,674.5,9.0
2021-11-21,622.5,9.9
2021-11-22,744.4,6.6
2021-11-23,774.7,4.0
2021-11-24,786.8,3.6
2021-11-25,787.2,6.0
2021-11-26,781.0,5.0
2021-11-27,716.6,4.6
2021-11-28,685.7,5.0
2021-11-29,782.1,8.6
2021-11-30,788.5,6.0
2021-12-01,797.1,5.1
2021-12-02,800.2,5.6
2021-12-03,790.8,6.6
2021-12-04,711.4,6.4
2021-12-05,660.6,6.9
2021-12-06,667.2,8.6
2021-12-07,710.6,7.4
2021-12-08,684.0,7.3
2021-12-09,782.1,7.0
2021-12-10,776.3,9.6
2021-12-11,692.2,10.4
2021-12-12,644.7,7.6
2021-12-13,758.5,5.8
2021-12-14,783.3,6.5
2021-12-15,787.2,7.2
2021-12-16,792.1,4.9
2021-12-17,783.2,4.4
2021-12-18,706.2,4.5
2021-12-19,660.6,6.7
2021-12-20,771.5,4.6
2021-12-21,772.5,7.9
2021-12-22,757.3,8.8
2021-12-23,729.1,7.8
2021-12-24,637.6,10.1
2021-12-25,547.5,9.1
2021-12-26,582.6,8.9
2021-12-27,657.6,12.0
2021-12-28,663.7,10.2
2021-12-29,657.2,7.8
2021-12-30,653.6,6.6
2021-12-31,611.4,6.7
2022-01-01,535.1,7.8
2022-01-02,578.9,6.6
2022-01-03,692.0,6.6
2022-01-04,718.0,7.1
2022-01-05,715.1,6.2
2022-01-06,617.9,4.2
2022-01-07,703.0,4.4
2022-01-08,686.6,2.9
2022-01-09,657.1,7.5
2022-01-10,756.6,11.0
2022-01-11,771.7,9.9
2022-01-12,777.3,6.9
2022-01-13,788.6,3.0
2022-01-14,796.2,1.8
2022-01-15,717.2,1.1
2022-01-16,672.4,1.5
2022-01-17,790.8,2.5
2022-01-18,809.5,2.6
2022-01-19,813.9,2.3
2022-01-20,813.8,4.1
2022-01-21,812.9,3.4
2022-01-22,728.5,2.4
2022-01-23,681.5,3.0
2022-01-24,800.2,4.1
2022-01-25,804.0,5.5
2022-01-26,800.2,4.0
2022-01-27,794.9,4.8
2022-01-28,786.1,4.9
2022-01-29,699.0,5.0
2022-01-30,648.5,5.7
2022-01-31,761.8,5.4
2022-02-01,774.3,9.3
2022-02-02,762.5,9.8
2022-02-03,760.8,8.3
2022-02-04,756.9,9.6
2022-02-05,682.7,9.9
2022-02-06,635.2,7.2
2022-02-07,746.7,7.8
2022-02-08,756.7,9.1
2022-02-09,755.7,8.1
2022-02-10,762.1,8.3
2022-02-11,754.6,9.8
2022-02-12,679.9,8.9
2022-02-13,635.8,9.5
2022-02-14,741.7,8.5
2022-02-15,759.1,6.5
2022-02-16,758.3,9.1
2022-02-17,744.1,9.4
2022-02-18,735.4,10.5
2022-02-19,678.0,9.3
2022-02-20,628.5,6.9
2022-02-21,726.6,9.7
2022-02-22,734.1,10.7
2022-02-23,732.2,10.5
2022-02-24,736.9,10.0
2022-02-25,742.8,8.7
2022-02-26,670.7,8.1
2022-02-27,618.0,9.3
2022-02-28,697.7,9.6
2022-03-01,722.6,9.8
2022-03-02,735.7,11.7
2022-03-03,742.8,7.7
2022-03-04,743.4,8.4
2022-03-05,660.8,6.2
2022-03-06,620.3,6.6
2022-03-07,732.5,6.7
2022-03-08,735.1,7.5
2022-03-09,726.8,8.1
2022-03-10,722.2,9.2
2022-03-11,731.3,9.5
2022-03-12,642.2,8.4
2022-03-13,593.3,9.4
2022-03-14,726.4,7.8
2022-03-15,727.3,12.5
2022-03-16,728.9,12.7
2022-03-17,726.4,11.0
2022-03-18,704.8,10.0
2022-03-19,624.1,9.1
2022-03-20,591.7,9.9
2022-03-21,698.6,10.2
2022-03-22,717.6,9.9
2022-03-23,719.5,8.7
2022-03-24,725.1,8.7
2022-03-25,706.8,10.1
2022-03-26,631.7,9.6
2022-03-27,554.1,10.8
2022-03-28,677.7,10.3
2022-03-29,693.0,11.4
2022-03-30,707.7,10.3
2022-03-31,705.6,8.9
2022-04-01,710.9,6.6
2022-04-02,645.5,4.4
2022-04-03,613.8,4.4
2022-04-04,744.1,5.1
2022-04-05,762.7,5.1
2022-04-06,744.5,8.7
2022-04-07,722.9,12.1
2022-04-08,707.1,10.7
2022-04-09,621.5,12.5
2022-04-10,574.8,15.1
2022-04-11,667.8,14.6
2022-04-12,687.3,11.5
2022-04-13,685.4,12.2
2022-04-14,585.2,14.9
2022-04-15,536.4,16.1
2022-04-16,551.1,17.9
2022-04-17,527.3,18.0
2022-04-18,580.3,18.9
2022-04-19,657.8,14.0
2022-04-20,698.5,8.2
2022-04-21,697.7,10.4
2022-04-22,695.6,8.9
2022-04-23,628.8,8.2
2022-04-24,572.0,10.5
2022-04-25,654.7,12.5
2022-04-26,677.5,14.2
2022-04-27,687.6,12.7
2022-04-28,688.5,12.2
2022-04-29,669.0,15.0
2022-04-30,592.6,16.2
2022-05-01,528.4,17.4
2022-05-02,614.1,13.9
2022-05-03,677.4,12.8
2022-05-04,687.3,14.4
2022-05-05,680.8,15.3
2022-05-06,668.6,15.6
2022-05-07,596.5,16.6
2022-05-08,550.5,18.3
2022-05-09,650.6,19.5
2022-05-10,673.8,20.7
2022-05-11,678.6,22.3
2022-05-12,684.0,21.7
2022-05-13,678.9,22.1
2022-05-14,613.5,21.8
2022-05-15,565.3,19.6
2022-05-16,658.6,19.3
2022-05-17,689.2,21.0
2022-05-18,701.7,23.3
2022-05-19,716.7,25.8
2022-05-20,714.9,25.7
2022-05-21,645.7,26.0
2022-05-22,591.0,22.6
2022-05-23,692.3,21.0
2022-05-24,699.5,17.6
2022-05-25,683.2,15.8
2022-05-26,688.9,18.5
2022-05-27,691.2,22.9
2022-05-28,628.7,24.3
2022-05-29,579.5,24.0
2022-05-30,672.1,20.2
2022-05-31,699.9,21.9
2022-06-01,709.7,23.2
2022-06-02,714.1,22.1
2022-06-03,711.5,22.5
2022-06-04,632.8,20.9
2022-06-05,583.7,21.6
2022-06-06,671.7,23.8
2022-06-07,720.8,25.3
2022-06-08,734.7,24.7
2022-06-09,740.4,25.9
2022-06-10,740.7,27.5
2022-06-11,678.8,28.3
2022-06-12,633.3,28.1
2022-06-13,758.6,29.8
2022-06-14,798.7,31.3
2022-06-15,816.5,30.7
2022-06-16,810.4,29.5
2022-06-17,807.7,30.3
2022-06-18,721.9,31.0
2022-06-19,639.6,23.8
2022-06-20,746.5,22.5
2022-06-21,754.3,21.4
2022-06-22,735.4,19.2
2022-06-23,712.2,19.2
2022-06-24,658.1,20.3
2022-06-25,634.8,21.4
2022-06-26,597.1,21.6
2022-06-27,697.6,21.9
2022-06-28,717.4,23.1
2022-06-29,727.0,25.1
2022-06-30,724.5,24.2
2022-07-01,714.3,24.0
2022-07-02,664.6,27.6
2022-07-03,628.4,28.5
2022-07-04,734.8,28.2
2022-07-05,766.6,28.6
2022-07-06,763.8,25.5
2022-07-07,756.0,25.1
2022-07-08,760.2,26.7
2022-07-09,692.4,29.2
2022-07-10,652.5,30.6
2022-07-11,781.3,30.6
2022-07-12,811.3,31.0
2022-07-13,827.9,32.4
2022-07-14,836.3,33.7
2022-07-15,831.9,32.8
2022-07-16,748.7,32.5
2022-07-17,698.7,32.8
2022-07-18,822.0,32.2
2022-07-19,823.6,29.4
2022-07-20,823.3,29.1
2022-07-21,836.7,30.3
2022-07-22,831.4,31.1
2022-07-23,735.1,30.4
2022-07-24,687.8,31.1
2022-07-25,787.9,30.9
2022-07-26,824.2,28.8
2022-07-27,806.2,28.7
2022-07-28,800.4,29.4
2022-07-29,794.0,29.9
2022-07-30,718.4,29.1
2022-07-31,675.4,29.8
2022-08-01,782.9,31.7
2022-08-02,800.0,30.4
2022-08-03,795.9,30.8
2022-08-04,789.6,30.2
2022-08-05,772.9,30.1
2022-08-06,699.1,30.0
2022-08-07,647.9,30.1
2022-08-08,727.8,29.4
2022-08-09,746.0,30.3
2022-08-10,754.6,30.2
2022-08-11,750.8,29.5
2022-08-12,750.8,30.2
2022-08-13,698.2,26.2
2022-08-14,629.9,25.0
2022-08-15,622.7,24.7
2022-08-16,680.8,24.6
2022-08-17,677.1,21.6
2022-08-18,659.3,21.6
2022-08-19,661.9,23.4
2022-08-20,633.7,26.2
2022-08-21,602.8,28.6
2022-08-22,703.2,28.3
2022-08-23,730.6,28.5
2022-08-24,738.6,29.1
2022-08-25,736.6,27.8
2022-08-26,725.6,25.5
2022-08-27,656.6,25.0
2022-08-28,615.5,27.1
2022-08-29,727.2,26.2
2022-08-30,750.9,27.5
2022-08-31,740.2,26.3
2022-09-01,731.6,24.8
2022-09-02,732.2,24.1
2022-09-03,642.2,22.9
2022-09-04,596.6,22.5
2022-09-05,711.1,22.0
2022-09-06,727.5,22.2
2022-09-07,731.7,21.2
2022-09-08,715.6,22.5
2022-09-09,721.7,24.7
2022-09-10,653.8,26.2
2022-09-11,619.8,27.6
2022-09-12,743.1,26.1
2022-09-13,746.4,22.2
2022-09-14,722.5,18.7
2022-09-15,713.5,18.7
2022-09-16,708.8,20.1
2022-09-17,619.3,21.0
2022-09-18,574.3,22.2
2022-09-19,685.5,20.8
2022-09-20,704.3,21.9
2022-09-21,700.1,21.4
2022-09-22,695.6,21.8
2022-09-23,690.0,22.1
2022-09-24,602.5,20.5
2022-09-25,547.5,16.7
2022-09-26,638.7,16.7
2022-09-27,659.5,16.9
2022-09-28,663.8,17.8
2022-09-29,663.8,14.9
2022-09-30,649.0,14.0
2022-10-01,576.5,15.9
2022-10-02,536.1,18.8
2022-10-03,645.0,19.6
2022-10-04,667.8,22.0
2022-10-05,669.2,21.0
2022-10-06,675.1,20.9
2022-10-07,666.4,19.2
2022-10-08,589.5,19.2
2022-10-09,540.8,19.0
2022-10-10,644.6,17.2
2022-10-11,654.5,16.8
2022-10-12,557.9,16.8
2022-10-13,641.4,17.4
2022-10-14,654.3,18.1
2022-10-15,579.4,19.0
2022-10-16,540.2,19.0
2022-10-17,645.5,19.0
2022-10-18,666.7,20.3
2022-10-19,678.8,20.0
2022-10-20,684.0,17.2
2022-10-21,672.8,15.2
2022-10-22,586.8,15.5
2022-10-23,551.0,15.7
2022-10-24,646.3,14.4
2022-10-25,664.0,16.4
2022-10-26,669.6,16.4
2022-10-27,664.3,17.8
2022-10-28,653.1,17.6
2022-10-29,573.1,17.4
2022-10-30,547.9,15.3
2022-10-31,587.5,13.1
2022-11-01,538.6,14.0
2022-11-02,634.2,13.5
2022-11-03,656.5,13.7
2022-11-04,653.1,11.6
2022-11-05,571.8,9.3
2022-11-06,532.2,10.4
2022-11-07,613.0,11.0
2022-11-08,666.7,12.2
2022-11-09,661.2,12.8
2022-11-10,664.4,10.7
2022-11-11,664.7,10.1
2022-11-12,588.4,12.4
2022-11-13,542.9,12.3
2022-11-14,652.7,11.6
2022-11-15,651.5,13.5
2022-11-16,681.4,12.5
2022-11-17,679.6,14.2
2022-11-18,675.6,10.4
2022-11-19,603.9,7.7
2022-11-20,560.7,10.1
2022-11-21,686.9,11.5
2022-11-22,715.6,7.6
2022-11-23,701.6,13.2
2022-11-24,698.3,12.3
2022-11-25,682.3,11.2
2022-11-26,614.7,6.9
2022-11-27,582.6,6.5
2022-11-28,688.9,8.4
2022-11-29,712.8,6.3
2022-11-30,724.7,7.0
2022-12-01,730.6,7.2
2022-12-02,731.6,5.2
2022-12-03,659.9,4.9
2022-12-04,616.3,5.1
2022-12-05,707.5,6.6
2022-12-06,645.1,9.6
2022-12-07,693.7,8.4
2022-12-08,632.3,9.4
2022-12-09,671.1,9.2
2022-12-10,623.1,8.8
2022-12-11,606.8,7.8
2022-12-12,728.2,11.6
2022-12-13,732.9,13.8
2022-12-14,717.5,12.0
2022-12-15,712.5,9.4
2022-12-16,713.5,7.6
2022-12-17,629.7,7.6
2022-12-18,591.4,7.1
2022-12-19,709.0,5.5
2022-12-20,724.2,8.1
2022-12-21,711.2,10.5
2022-12-22,694.8,11.6
2022-12-23,658.0,10.9
2022-12-24,562.1,9.2
2022-12-25,489.1,9.2
2022-12-26,532.3,8.8
2022-12-27,612.1,7.5
2022-12-28,630.0,7.1
2022-12-29,637.2,9.3
2022-12-30,624.1,10.8
2022-12-31,559.8,7.6
2023-01-01,506.4,8.5
2023-01-02,621.6,9.0
2023-01-03,677.1,7.0
2023-01-04,689.2,5.0
2023-01-05,671.3,4.7
2023-01-06,580.3,3.6
2023-01-07,626.1,5.2
2023-01-08,614.5,11.1
2023-01-09,702.0,10.2
2023-01-10,731.7,5.7
2023-01-11,739.0,6.9
2023-01-12,743.1,4.5
2023-01-13,738.0,5.0
2023-01-14,663.1,3.9
2023-01-15,615.9,6.1
2023-01-16,755.5,6.1
2023-01-17,758.7,8.1
2023-01-18,780.3,3.5
2023-01-19,790.1,3.8
2023-01-20,757.4,9.2
2023-01-21,676.9,6.3
2023-01-22,649.3,2.5
2023-01-23,787.5,2.0
2023-01-24,825.6,1.7
2023-01-25,816.2,2.3
2023-01-26,817.3,4.2
2023-01-27,806.4,2.9
2023-01-28,718.7,3.7
2023-01-29,676.0,1.6
2023-01-30,795.3,1.2
2023-01-31,803.7,1.8
2023-02-01,801.7,4.3
2023-02-02,791.0,4.9
2023-02-03,775.6,5.5
2023-02-04,684.2,5.8
2023-02-05,638.7,7.3
2023-02-06,775.4,5.3
2023-02-07,808.0,4.1
2023-02-08,805.4,5.5
2023-02-09,795.3,5.6
2023-02-10,791.8,4.5
2023-02-11,696.7,3.9
2023-02-12,648.8,4.8
2023-02-13,763.9,5.2
2023-02-14,776.3,6.3
2023-02-15,765.2,7.6
2023-02-16,756.2,7.3
2023-02-17,745.8,7.5
2023-02-18,657.0,8.4
2023-02-19,604.2,11.4
2023-02-20,703.8,12.3
2023-02-21,718.5,11.1
2023-02-22,723.2,10.4
2023-02-23,744.7,7.3
2023-02-24,741.2,4.1
2023-02-25,670.5,3.4
2023-02-26,633.1,4.1
2023-02-27,769.2,2.3
2023-02-28,774.5,1.9
2023-03-01,790.6,1.5
2023-03-02,796.2,3.2
2023-03-03,772.9,4.5
2023-03-04,674.0,5.8
2023-03-05,635.8,5.0
2023-03-06,739.4,8.1
2023-03-07,736.7,10.6
2023-03-08,726.4,12.6
2023-03-09,716.5,13.5
2023-03-10,689.3,12.6
2023-03-11,608.6,14.1
2023-03-12,557.4,15.3
2023-03-13,658.9,14.3
2023-03-14,669.7,11.8
2023-03-15,669.7,12.0
2023-03-16,671.4,14.6
2023-03-17,669.9,13.8
2023-03-18,603.2,11.1
2023-03-19,551.7,12.0
2023-03-20,641.4,12.5
2023-03-21,667.4,13.8
2023-03-22,665.4,14.4
2023-03-23,664.8,15.2
2023-03-24,664.9,13.8
2023-03-25,595.9,14.1
2023-03-26,525.9,15.0
2023-03-27,642.1,13.0
2023-03-28,655.2,14.4
2023-03-29,657.3,16.7
2023-03-30,660.8,17.4
2023-03-31,660.2,15.4
2023-04-01,592.0,14.4
2023-04-02,548.9,11.6
2023-04-03,639.1,11.7
2023-04-04,652.0,13.6
2023-04-05,639.6,13.1
2023-04-06,564.9,15.1
2023-04-07,518.5,15.8
2023-04-08,531.3,17.7
2023-04-09,508.9,18.8
2023-04-10,562.9,20.1
2023-04-11,631.8,18.9
2023-04-12,660.1,16.1
2023-04-13,658.5,12.0
2023-04-14,664.0,14.5
2023-04-15,592.4,16.3
2023-04-16,547.2,16.8
2023-04-17,634.8,17.0
2023-04-18,654.9,15.7
2023-04-19,655.0,16.8
2023-04-20,656.7,19.4
2023-04-21,651.0,19.2
2023-04-22,590.5,16.1
2023-04-23,544.4,16.1
2023-04-24,633.8,18.4
2023-04-25,659.1,20.9
2023-04-26,661.9,21.5
2023-04-27,666.8,22.9
2023-04-28,661.4,24.1
2023-04-29,592.1,22.2
2023-04-30,542.2,19.5
2023-05-01,523.9,19.3
2023-05-02,622.4,20.9
2023-05-03,660.7,22.4
2023-05-04,665.3,20.5
2023-05-05,659.6,19.6
2023-05-06,590.5,20.1
2023-05-07,548.5,21.1
2023-05-08,642.4,21.9
2023-05-09,668.1,22.9
2023-05-10,663.5,19.1
2023-05-11,657.1,16.6
2023-05-12,656.2,14.2
2023-05-13,585.3,14.3
2023-05-14,542.4,15.4
2023-05-15,631.6,15.5
2023-05-16,651.7,15.9
2023-05-17,643.1,15.9
2023-05-18,651.1,15.5
2023-05-19,646.5,15.2
2023-05-20,576.2,15.0
2023-05-21,535.5,16.1
2023-05-22,639.4,17.8
2023-05-23,654.2,16.8
2023-05-24,650.3,17.2
2023-05-25,651.7,17.3
2023-05-26,638.2,15.8
2023-05-27,566.5,15.9
2023-05-28,521.3,16.0
2023-05-29,621.4,16.4
2023-05-30,638.4,16.2
2023-05-31,640.1,17.3
2023-06-01,649.9,17.2
2023-06-02,642.7,16.2
2023-06-03,571.8,17.8
2023-06-04,530.0,18.6
2023-06-05,632.2,19.2
2023-06-06,660.6,20.7
2023-06-07,675.2,18.6
2023-06-08,666.9,18.0
2023-06-09,657.4,18.7
2023-06-10,585.4,20.2
2023-06-11,546.4,21.3
2023-06-12,654.3,20.1
2023-06-13,671.5,19.3
2023-06-14,675.0,20.8
2023-06-15,685.7,23.8
2023-06-16,695.9,25.9
2023-06-17,627.7,27.3
2023-06-18,578.0,23.2
2023-06-19,684.9,23.9
2023-06-20,704.7,23.5
2023-06-21,715.0,22.2
2023-06-22,709.4,21.8
2023-06-23,705.4,25.4
2023-06-24,628.2,27.3
2023-06-25,616.0,30.1
2023-06-26,753.0,30.4
2023-06-27,772.3,29.5
2023-06-28,777.6,29.1
2023-06-29,771.1,28.4
2023-06-30,729.2,23.2
2023-07-01,646.3,25.1
2023-07-02,615.1,27.2
2023-07-03,741.8,28.4
2023-07-04,754.1,28.1
2023-07-05,756.3,26.7
2023-07-06,760.2,27.5
2023-07-07,752.0,26.7
2023-07-08,665.1,26.8
2023-07-09,628.9,27.1
2023-07-10,778.8,30.0
2023-07-11,820.2,31.3
2023-07-12,813.3,27.8
2023-07-13,799.8,28.1
2023-07-14,800.5,29.3
2023-07-15,698.8,26.8
2023-07-16,639.9,26.4
2023-07-17,781.4,29.5
2023-07-18,824.6,32.4
2023-07-19,837.5,32.2
2023-07-20,818.4,29.5
2023-07-21,780.1,26.6
2023-07-22,681.9,26.0
2023-07-23,646.0,28.0
2023-07-24,752.1,26.9
2023-07-25,721.4,24.8
2023-07-26,733.0,25.7
2023-07-27,748.4,27.5
2023-07-28,740.7,27.3
2023-07-29,680.9,28.2
2023-07-30,645.4,29.5
2023-07-31,736.6,30.1
2023-08-01,754.1,29.5
2023-08-02,767.6,29.1
2023-08-03,743.8,26.7
2023-08-04,689.7,22.2
2023-08-05,616.7,24.3
2023-08-06,594.3,27.8
2023-08-07,677.2,27.5
2023-08-08,710.1,30.2
2023-08-09,730.6,32.1
2023-08-10,746.8,31.7
2023-08-11,739.1,30.4
2023-08-12,680.1,30.7
2023-08-13,633.6,30.3
2023-08-14,679.0,28.7
2023-08-15,632.4,28.2
2023-08-16,697.6,28.4
2023-08-17,705.9,28.2
2023-08-18,708.6,27.8
2023-08-19,669.9,28.4
2023-08-20,650.6,30.2
2023-08-21,769.9,32.0
2023-08-22,791.9,32.5
2023-08-23,805.1,32.0
2023-08-24,806.3,31.5
2023-08-25,795.8,31.2
2023-08-26,704.1,27.9
2023-08-27,589.8,21.0
2023-08-28,666.3,20.8
2023-08-29,684.5,22.0
2023-08-30,691.7,22.3
2023-08-31,696.6,23.9
2023-09-01,707.9,25.3
2023-09-02,617.3,19.6
2023-09-03,567.6,18.1
2023-09-04,680.7,19.6
2023-09-05,702.1,20.5
2023-09-06,713.5,21.6
2023-09-07,718.7,22.8
2023-09-08,696.8,22.6
2023-09-09,623.8,21.7
2023-09-10,582.4,21.0
2023-09-11,670.9,19.9
2023-09-12,705.0,19.6
2023-09-13,705.5,20.5
2023-09-14,712.7,20.5
2023-09-15,704.7,19.9
2023-09-16,610.2,18.5
2023-09-17,573.6,17.4
2023-09-18,665.9,16.5
2023-09-19,683.3,17.0
2023-09-20,680.4,17.6
2023-09-21,682.3,15.9
2023-09-22,657.8,15.5
2023-09-23,577.4,15.1
2023-09-24,541.2,17.1
2023-09-25,644.3,19.1
2023-09-26,673.0,20.0
2023-09-27,684.4,20.1
2023-09-28,688.5,20.9
2023-09-29,682.6,22.2
2023-09-30,608.4,22.1
2023-10-01,568.6,22.5
2023-10-02,677.9,21.6
2023-10-03,694.1,21.5
2023-10-04,697.4,21.3
2023-10-05,698.7,22.2
2023-10-06,699.4,21.9
2023-10-07,618.4,21.3
2023-10-08,572.2,21.2
2023-10-09,661.4,20.9
2023-10-10,682.3,19.5
2023-10-11,676.6,18.9
2023-10-12,575.5,19.4
2023-10-13,615.4,19.3
2023-10-14,578.6,17.7
2023-10-15,541.9,16.8
2023-10-16,656.6,17.3
2023-10-17,685.7,19.0
2023-10-18,691.5,17.5
2023-10-19,695.6,15.3
2023-10-20,670.0,12.7
2023-10-21,578.7,10.9
2023-10-22,547.6,11.2
2023-10-23,652.4,12.1
2023-10-24,668.3,11.2
2023-10-25,681.0,14.4
2023-10-26,695.5,16.0
2023-10-27,681.7,12.4
2023-10-28,600.9,13.6
2023-10-29,584.8,13.8
2023-10-30,663.8,12.2
2023-10-31,677.5,9.4
2023-11-01,595.4,11.6
2023-11-02,681.5,13.1
2023-11-03,688.9,9.4
2023-11-04,621.4,12.0
2023-11-05,573.8,10.4
2023-11-06,677.2,8.4
2023-11-07,699.3,6.8
2023-11-08,713.7,7.9
2023-11-09,704.0,11.4
2023-11-10,703.5,10.7
2023-11-11,628.5,14.1
2023-11-12,573.5,14.6
2023-11-13,672.7,15.0
2023-11-14,682.9,12.3
2023-11-15,690.2,11.4
2023-11-16,694.4,12.1
2023-11-17,682.0,12.0
2023-11-18,604.2,11.3
2023-11-19,560.1,11.2
2023-11-20,674.1,10.4
2023-11-21,697.7,9.3
2023-11-22,709.1,9.5
2023-11-23,713.9,7.7
2023-11-24,715.1,6.6
2023-11-25,635.3,7.8
2023-11-26,602.4,7.3
2023-11-27,721.0,7.8
2023-11-28,737.0,9.5
2023-11-29,735.9,12.5
2023-11-30,724.4,13.4
2023-12-01,721.8,9.3
2023-12-02,646.5,6.4
2023-12-03,624.5,4.0
2023-12-04,743.4,6.7
2023-12-05,751.5,5.8
2023-12-06,674.8,5.8
2023-12-07,701.4,5.9
2023-12-08,638.3,8.8
2023-12-09,633.9,8.6
2023-12-10,604.5,11.0
2023-12-11,712.7,10.4
2023-12-12,734.7,9.5
2023-12-13,741.5,9.8
2023-12-14,745.2,6.4
2023-12-15,739.2,8.1
2023-12-16,662.3,5.1
2023-12-17,636.4,3.8
2023-12-18,758.2,3.6
2023-12-19,774.3,3.2
2023-12-20,781.4,4.7
2023-12-21,758.8,5.8
2023-12-22,721.4,5.5
2023-12-23,640.9,5.0
2023-12-24,596.1,4.6
2023-12-25,553.6,2.9
2023-12-26,654.7,1.6
2023-12-27,703.2,3.1
2023-12-28,711.0,2.5
2023-12-29,698.8,3.4
2023-12-30,630.4,4.1
2023-12-31,606.8,6.9
2024-01-01,555.2,5.0
2024-01-02,703.0,5.4
2024-01-03,721.6,10.6
2024-01-04,726.0,9.4
2024-01-05,697.9,6.6
2024-01-06,614.4,5.4
2024-01-07,637.9,3.7
2024-01-08,784.3,2.0
2024-01-09,811.3,5.0
2024-01-10,818.6,5.1
2024-01-11,808.7,4.0
2024-01-12,805.0,2.0
2024-01-13,717.3,3.8
2024-01-14,660.5,6.2
2024-01-15,770.3,11.3
2024-01-16,770.4,12.9
2024-01-17,759.9,11.2
2024-01-18,742.8,11.2
2024-01-19,776.5,7.3
2024-01-20,683.0,5.7
2024-01-21,640.6,5.8
2024-01-22,756.8,5.2
2024-01-23,753.1,6.6
2024-01-24,740.4,9.1
2024-01-25,731.8,9.4
2024-01-26,723.5,10.3
2024-01-27,637.2,10.1
2024-01-28,600.5,9.1
2024-01-29,722.0,9.2
2024-01-30,739.1,7.9
2024-01-31,743.6,6.4
2024-02-01,742.4,9.1
2024-02-02,732.1,8.4
2024-02-03,645.7,8.0
2024-02-04,603.1,8.1
2024-02-05,723.8,7.3
2024-02-06,737.6,8.6
2024-02-07,749.2,7.9
2024-02-08,753.8,9.5
2024-02-09,755.1,9.7
2024-02-10,663.3,7.4
2024-02-11,637.4,4.6
2024-02-12,714.8,9.4
2024-02-13,711.8,11.2
2024-02-14,720.2,11.8
2024-02-15,729.1,11.3
2024-02-16,717.8,11.1
2024-02-17,624.2,8.7
2024-02-18,585.0,8.6
2024-02-19,689.6,10.6
2024-02-20,701.9,10.1
2024-02-21,717.5,9.3
2024-02-22,727.1,10.6
2024-02-23,724.6,6.2
2024-02-24,657.8,5.9
2024-02-25,626.1,9.4
2024-02-26,730.6,8.5
2024-02-27,746.1,6.3
2024-02-28,732.0,6.9
2024-02-29,735.9,6.9
2024-03-01,729.5,6.8
2024-03-02,666.5,6.9
2024-03-03,621.7,5.3
2024-03-04,737.4,8.1
2024-03-05,723.4,7.6
2024-03-06,729.8,6.8
2024-03-07,746.1,8.0
2024-03-08,749.0,6.5
2024-03-09,692.4,6.4
2024-03-10,627.3,7.6
2024-03-11,717.4,8.8
2024-03-12,716.3,8.6
2024-03-13,716.9,10.1
2024-03-14,717.5,11.0
2024-03-15,698.4,11.2
2024-03-16,619.2,12.2
2024-03-17,572.0,14.2
2024-03-18,656.5,14.3
2024-03-19,650.9,16.0
2024-03-20,677.7,15.5
2024-03-21,684.1,16.7
2024-03-22,675.2,17.8
2024-03-23,603.8,17.1
2024-03-24,563.7,16.5
2024-03-25,685.2,12.9
2024-03-26,699.8,7.1
2024-03-27,695.4,8.3
2024-03-28,618.0,10.8
2024-03-29,573.0,8.2
2024-03-30,588.7,6.8
2024-03-31,561.8,6.9
2024-04-01,623.3,7.4
2024-04-02,694.6,8.7
2024-04-03,688.6,12.1
2024-04-04,677.5,12.9
2024-04-05,671.7,14.7
2024-04-06,604.5,17.2
2024-04-07,561.8,16.6
2024-04-08,657.5,13.1
2024-04-09,668.3,9.8
2024-04-10,668.3,11.9
2024-04-11,666.1,16.4
2024-04-12,664.5,16.6
2024-04-13,585.6,18.4
2024-04-14,543.8,19.1
2024-04-15,648.5,20.5
2024-04-16,666.1,18.7
2024-04-17,661.9,15.1
2024-04-18,666.3,15.0
2024-04-19,663.1,14.3
2024-04-20,589.6,17.2
2024-04-21,546.0,16.5
2024-04-22,651.4,12.9
2024-04-23,667.5,10.5
2024-04-24,675.7,11.8
2024-04-25,691.5,13.3
2024-04-26,675.5,12.9
2024-04-27,612.0,11.4
2024-04-28,568.8,10.7
2024-04-29,672.2,11.7
2024-04-30,665.0,12.3
2024-05-01,568.5,10.2
2024-05-02,635.5,9.9
2024-05-03,652.2,12.0
2024-05-04,593.6,15.6
2024-05-05,555.9,15.9
2024-05-06,648.2,15.5
2024-05-07,652.6,15.2
2024-05-08,658.9,16.9
2024-05-09,655.9,19.2
2024-05-10,645.7,21.4
2024-05-11,580.0,21.6
2024-05-12,541.0,21.3
2024-05-13,646.0,20.8
2024-05-14,665.5,16.3
2024-05-15,655.3,13.9
2024-05-16,661.4,13.2
2024-05-17,652.0,14.8
2024-05-18,584.1,15.5
2024-05-19,545.0,15.1
2024-05-20,632.0,14.5
2024-05-21,656.1,14.6
2024-05-22,659.1,15.4
2024-05-23,657.9,17.3
2024-05-24,652.7,19.5
2024-05-25,584.6,21.4
2024-05-26,543.9,21.8
2024-05-27,656.4,22.8
2024-05-28,665.8,23.4
2024-05-29,678.9,26.0
2024-05-30,684.2,26.3
2024-05-31,672.0,22.4
2024-06-01,605.7,20.0
2024-06-02,560.8,20.2
2024-06-03,664.2,21.5
2024-06-04,676.2,23.9
2024-06-05,690.7,26.4
2024-06-06,709.4,27.7
2024-06-07,709.1,27.1
2024-06-08,625.0,20.4
2024-06-09,564.7,19.8
2024-06-10,667.4,16.9
2024-06-11,675.0,17.7
2024-06-12,669.5,17.7
2024-06-13,656.8,18.9
2024-06-14,674.2,22.1
2024-06-15,601.1,22.3
2024-06-16,561.5,22.3
2024-06-17,681.8,23.6
2024-06-18,699.4,21.7
2024-06-19,690.9,18.4
2024-06-20,684.4,17.2
2024-06-21,669.7,20.0
2024-06-22,608.8,23.1
2024-06-23,569.5,24.0
2024-06-24,649.4,25.1
2024-06-25,712.9,27.0
2024-06-26,717.9,25.3
2024-06-27,721.1,26.1
2024-06-28,715.5,23.8
2024-06-29,630.1,19.7
2024-06-30,584.6,20.4
2024-07-01,681.4,22.0
2024-07-02,703.5,22.5
2024-07-03,721.2,25.0
2024-07-04,742.0,28.6
2024-07-05,744.0,29.5
2024-07-06,655.3,27.8
2024-07-07,592.9,24.0
2024-07-08,704.7,25.7
2024-07-09,735.3,26.3
2024-07-10,756.0,27.3
2024-07-11,784.4,29.0
2024-07-12,774.1,27.4
2024-07-13,669.6,26.2
2024-07-14,619.8,26.5
2024-07-15,746.8,25.5
2024-07-16,761.4,25.5
2024-07-17,769.6,27.2
2024-07-18,788.3,29.1
2024-07-19,798.7,30.7
2024-07-20,713.1,29.4
2024-07-21,642.3,26.5
2024-07-22,742.7,27.0
2024-07-23,783.7,30.2
2024-07-24,806.6,32.6
2024-07-25,774.0,32.6
2024-07-26,773.6,30.8
2024-07-27,703.7,31.6
2024-07-28,669.5,31.7
2024-07-29,795.7,30.1
2024-07-30,814.4,31.0
2024-07-31,808.4,30.9
2024-08-01,822.3,30.1
2024-08-02,796.7,29.0
2024-08-03,700.1,29.0
2024-08-04,664.4,30.6
2024-08-05,759.0,31.4
2024-08-06,771.4,31.1
2024-08-07,772.1,31.0
2024-08-08,772.4,30.9
2024-08-09,772.9,32.2
2024-08-10,713.5,32.0
2024-08-11,671.7,31.4
2024-08-12,750.0,30.6
2024-08-13,737.8,27.0
2024-08-14,702.7,25.1
2024-08-15,617.5,23.5
2024-08-16,655.1,26.2
2024-08-17,647.9,28.3
2024-08-18,628.9,28.6
2024-08-19,712.3,27.4
2024-08-20,732.7,29.1
2024-08-21,742.8,27.9
2024-08-22,749.1,29.3
2024-08-23,743.4,29.1
2024-08-24,688.9,29.0
2024-08-25,647.9,27.2
2024-08-26,738.6,27.3
2024-08-27,766.0,28.5
2024-08-28,777.7,28.8
2024-08-29,767.4,24.0
2024-08-30,754.9,22.4
2024-08-31,679.5,22.1
2024-09-01,635.5,23.4
2024-09-02,747.1,24.4
2024-09-03,749.5,23.7
2024-09-04,724.9,21.3
2024-09-05,711.3,20.1
2024-09-06,713.3,20.4
2024-09-07,627.9,19.3
2024-09-08,586.4,21.3
2024-09-09,679.0,21.4
2024-09-10,702.7,22.9
2024-09-11,690.3,22.8
2024-09-12,712.0,22.7
2024-09-13,684.4,18.2
2024-09-14,603.1,18.4
2024-09-15,565.9,22.1
2024-09-16,677.2,21.9
2024-09-17,693.7,20.6
2024-09-18,697.7,20.6
2024-09-19,695.4,18.4
2024-09-20,686.3,17.8
2024-09-21,612.5,18.4
2024-09-22,563.7,18.5
2024-09-23,658.4,18.2
2024-09-24,666.5,16.6
2024-09-25,690.2,17.8
2024-09-26,709.6,19.2
2024-09-27,681.5,16.6
2024-09-28,586.4,14.4
2024-09-29,547.1,16.2
2024-09-30,651.7,19.5
2024-10-01,684.6,20.4
2024-10-02,704.1,21.1
2024-10-03,693.4,19.7
2024-10-04,675.8,18.1
2024-10-05,606.9,19.1
2024-10-06,577.2,20.3
2024-10-07,690.1,17.5
2024-10-08,691.0,14.9
2024-10-09,688.4,16.4
2024-10-10,674.6,14.5
2024-10-11,664.6,13.2
2024-10-12,589.3,16.3
2024-10-13,549.4,16.3
2024-10-14,668.0,17.1
2024-10-15,693.3,16.8
2024-10-16,696.3,17.3
2024-10-17,689.3,13.4
2024-10-18,672.1,12.2
2024-10-19,592.6,15.3
2024-10-20,556.3,14.8
2024-10-21,652.9,15.2
2024-10-22,677.1,16.0
2024-10-23,675.0,15.3
2024-10-24,675.7,15.4
2024-10-25,680.8,14.3
2024-10-26,600.3,9.2
2024-10-27,592.8,8.5
2024-10-28,674.9,12.7
2024-10-29,700.6,14.3
2024-10-30,687.7,14.5
2024-10-31,666.1,14.3
2024-11-01,577.0,14.4
2024-11-02,573.5,13.3
2024-11-03,554.2,13.1
2024-11-04,651.7,13.1
2024-11-05,671.0,13.4
2024-11-06,674.8,13.7
2024-11-07,675.6,12.7
2024-11-08,682.3,11.7
2024-11-09,603.7,11.7
2024-11-10,564.8,11.4
2024-11-11,667.0,12.0
2024-11-12,698.7,9.3
2024-11-13,729.6,6.4
2024-11-14,713.1,11.3
2024-11-15,705.0,12.7
2024-11-16,622.9,11.2
2024-11-17,578.9,11.2
2024-11-18,682.8,12.3
2024-11-19,698.7,11.0
2024-11-20,707.1,11.6
2024-11-21,723.2,10.1
2024-11-22,708.6,11.4
2024-11-23,627.9,10.7
2024-11-24,589.0,11.5
2024-11-25,698.1,14.1
2024-11-26,720.1,7.5
2024-11-27,724.3,7.0
2024-11-28,730.7,7.0
2024-11-29,718.6,8.4
2024-11-30,635.7,9.6
2024-12-01,603.0,9.1
2024-12-02,706.6,10.6
2024-12-03,723.8,9.7
2024-12-04,733.8,10.7
2024-12-05,728.7,8.5
2024-12-06,634.7,9.4
2024-12-07,626.2,9.8
2024-12-08,618.6,6.9
2024-12-09,727.6,5.1
2024-12-10,781.3,4.7
2024-12-11,809.7,5.4
2024-12-12,805.2,4.7
2024-12-13,785.1,4.9
2024-12-14,704.8,3.6
2024-12-15,672.4,3.2
2024-12-16,783.0,3.8
2024-12-17,796.2,3.2
2024-12-18,781.9,5.0
2024-12-19,769.6,9.2
2024-12-20,744.2,5.5
2024-12-21,674.5,3.6
2024-12-22,642.6,4.4
2024-12-23,690.6,6.8
2024-12-24,642.9,7.0
2024-12-25,547.5,9.0
2024-12-26,643.1,7.1
2024-12-27,676.2,5.9
2024-12-28,642.1,4.4
2024-12-29,619.7,4.0
2024-12-30,691.9,3.3
2024-12-31,666.9,3.1
2025-01-01,585.9,2.8
2025-01-02,714.7,2.9
2025-01-03,743.1,3.5
2025-01-04,672.7,4.1
2025-01-05,637.5,7.3
2025-01-06,612.4,8.9
2025-01-07,761.1,5.5
2025-01-08,785.5,8.7
2025-01-09,766.9,10.2
2025-01-10,758.3,9.1
2025-01-11,670.1,12.1
2025-01-12,627.8,8.8
2025-01-13,771.0,4.3
2025-01-14,811.3,2.7
2025-01-15,825.3,1.2
2025-01-16,837.5,3.9
2025-01-17,823.2,5.1
2025-01-18,721.5,3.4
2025-01-19,686.1,2.1
2025-01-20,814.7,5.0
2025-01-21,816.1,8.0
2025-01-22,786.0,10.0
2025-01-23,763.3,10.7
2025-01-24,754.5,10.5
2025-01-25,677.7,9.6
2025-01-26,639.5,8.3
2025-01-27,745.5,12.1
2025-01-28,776.3,7.1
2025-01-29,797.2,5.9
2025-01-30,783.5,6.4
2025-01-31,772.3,4.3
2025-02-01,695.7,4.8
2025-02-02,659.2,4.9
2025-02-03,768.8,6.0
2025-02-04,782.6,5.6
2025-02-05,782.1,5.8
2025-02-06,786.4,5.3
2025-02-07,796.3,4.3
2025-02-08,689.6,6.8
2025-02-09,647.2,6.6
2025-02-10,757.8,8.7
2025-02-11,765.4,9.2
2025-02-12,773.7,9.6
2025-02-13,757.5,8.2
2025-02-14,735.6,9.0
2025-02-15,663.8,8.9
2025-02-16,612.1,10.1
2025-02-17,715.0,9.1
2025-02-18,741.6,10.1
2025-02-19,729.5,11.3
2025-02-20,730.5,10.3
2025-02-21,739.9,11.0
2025-02-22,654.4,9.6
2025-02-23,607.5,8.3
2025-02-24,721.9,9.0
2025-02-25,747.0,10.2
2025-02-26,730.1,7.0
2025-02-27,744.2,7.6
2025-02-28,728.8,9.4
2025-03-01,674.4,7.5
2025-03-02,650.4,3.1
2025-03-03,755.1,7.0
2025-03-04,744.8,9.5
2025-03-05,752.7,9.8
2025-03-06,749.9,10.2
2025-03-07,753.2,9.8
2025-03-08,671.5,8.9
2025-03-09,620.7,6.0
2025-03-10,734.6,7.1
2025-03-11,747.2,8.4
2025-03-12,739.9,8.5
2025-03-13,763.5,7.6
2025-03-14,769.1,6.4
2025-03-15,670.7,4.9
2025-03-16,639.9,5.2
2025-03-17,762.6,5.7
2025-03-18,770.5,8.4
2025-03-19,733.1,11.0
2025-03-20,748.7,11.6
2025-03-21,741.7,9.6
2025-03-22,655.4,7.0
2025-03-23,624.2,6.8
2025-03-24,732.1,7.5
2025-03-25,733.9,9.3
2025-03-26,718.0,9.4
2025-03-27,709.5,9.0
2025-03-28,690.6,10.5
2025-03-29,612.0,10.6
2025-03-30,545.2,10.0
2025-03-31,662.8,13.3
2025-04-01,676.3,13.8
2025-04-02,703.9,13.4
2025-04-03,719.0,10.0
2025-04-04,708.8,11.6
2025-04-05,613.9,11.4
2025-04-06,563.4,12.8
2025-04-07,658.8,13.8
2025-04-08,665.6,15.6
2025-04-09,665.4,15.6
2025-04-10,669.8,15.3
2025-04-11,681.5,12.9
2025-04-12,616.0,13.1
2025-04-13,566.5,13.2
2025-04-14,663.4,12.1
2025-04-15,682.3,8.6
2025-04-16,673.6,7.5
2025-04-17,592.8,11.3
2025-04-18,553.2,12.6
2025-04-19,568.0,10.0
2025-04-20,546.0,9.8
2025-04-21,596.6,12.3
2025-04-22,667.0,13.3
2025-04-23,653.6,13.8
2025-04-24,655.0,16.8
2025-04-25,657.8,17.9
2025-04-26,586.8,16.8
2025-04-27,541.8,14.7
2025-04-28,403.3,15.8
2025-04-29,590.0,16.1
2025-04-30,643.7,15.3
2025-05-01,545.2,15.6
2025-05-02,591.3,15.0
2025-05-03,560.7,14.3
2025-05-04,533.5,13.0
2025-05-05,648.3,12.6
2025-05-06,657.6,11.8
2025-05-07,659.4,12.6
2025-05-08,668.9,12.8
2025-05-09,666.5,13.1
2025-05-10,590.4,13.1
2025-05-11,545.3,12.7
2025-05-12,643.3,12.9
2025-05-13,660.1,14.2
2025-05-14,672.5,14.4
2025-05-15,660.9,14.3
2025-05-16,648.9,16.3
2025-05-17,571.0,18.2
2025-05-18,535.3,20.5
2025-05-19,643.3,17.3
2025-05-20,652.7,18.5
2025-05-21,664.1,20.0
2025-05-22,668.7,19.9
2025-05-23,662.1,17.3
2025-05-24,576.1,19.2
2025-05-25,542.0,22.3
2025-05-26,656.7,23.8
2025-05-27,673.8,24.4
2025-05-28,690.7,26.1
2025-05-29,705.7,27.3
2025-05-30,715.9,27.7
2025-05-31,642.7,27.3
2025-06-01,602.8,27.3
2025-06-02,710.4,25.2
2025-06-03,703.5,21.2
2025-06-04,697.1,20.4
2025-06-05,701.2,22.5
2025-06-06,703.7,24.4
2025-06-07,631.0,25.3
2025-06-08,598.9,26.9
2025-06-09,711.6,27.9
2025-06-10,755.7,28.2
2025-06-11,753.8,22.9
2025-06-12,736.0,21.6
2025-06-13,742.1,24.4
2025-06-14,663.4,26.7
2025-06-15,627.9,28.8
2025-06-16,756.6,28.5
2025-06-17,790.3,30.0
2025-06-18,799.7,30.2
2025-06-19,801.4,29.8
2025-06-20,800.5,29.8
2025-06-21,718.0,30.7
2025-06-22,669.5,29.2
2025-06-23,770.1,29.8
2025-06-24,757.7,29.5
2025-06-25,780.5,24.1
2025-06-26,790.5,25.7
2025-06-27,806.7,29.2
2025-06-28,736.9,31.4
2025-06-29,707.5,32.7
2025-06-30,837.7,31.8
2025-07-01,857.1,31.3
2025-07-02,861.2,31.0
2025-07-03,856.8,30.0
2025-07-04,841.7,29.2
2025-07-05,745.9,29.1
2025-07-06,689.0,28.5
2025-07-07,803.3,28.5
2025-07-08,794.5,26.1
2025-07-09,809.5,29.9
2025-07-10,805.0,29.7
2025-07-11,788.5,26.8
2025-07-12,672.0,23.5
2025-07-13,615.5,25.9
2025-07-14,762.8,28.6
2025-07-15,797.8,30.3
2025-07-16,816.8,31.0
2025-07-17,839.5,31.9
2025-07-18,821.4,28.5
2025-07-19,711.7,25.9
2025-07-20,659.4,24.4
2025-07-21,758.5,24.6
2025-07-22,775.4,26.8
2025-07-23,790.0,27.5
2025-07-24,750.6,23.4
2025-07-25,692.8,22.8
2025-07-26,646.0,25.4
2025-07-27,622.8,28.0
2025-07-28,736.6,27.2
2025-07-29,731.5,24.0
2025-07-30,738.8,25.5
2025-07-31,738.9,27.6
2025-08-01,739.2,27.1
2025-08-02,671.1,27.4
2025-08-03,633.3,29.6
2025-08-04,737.1,30.5
2025-08-05,736.8,32.2
2025-08-06,739.5,31.2
2025-08-07,757.5,31.6
2025-08-08,755.8,31.8
2025-08-09,696.1,32.0
2025-08-10,665.3,32.0
2025-08-11,770.2,32.2
2025-08-12,789.4,32.3
2025-08-13,784.3,30.7
2025-08-14,768.8,30.5
2025-08-15,697.7,32.1
2025-08-16,712.4,33.0
2025-08-17,698.8,32.9
2025-08-18,790.9,31.1
2025-08-19,765.1,27.3
2025-08-20,728.3,24.7
2025-08-21,711.4,24.1
2025-08-22,703.3,24.9
2025-08-23,649.4,26.4
2025-08-24,621.7,27.8
2025-08-25,738.4,28.4
2025-08-26,769.0,29.0
2025-08-27,776.2,28.2
2025-08-28,739.8,23.1
2025-08-29,709.2,22.6
2025-08-30,646.0,25.3
2025-08-31,613.7,23.8
2025-09-01,695.2,19.8
2025-09-02,709.1,20.7
2025-09-03,724.2,23.5
2025-09-04,740.0,24.6
2025-09-05,733.1,24.0
2025-09-06,662.0,25.8
2025-09-07,637.8,24.3
2025-09-08,734.4,23.2
2025-09-09,729.5,21.7
2025-09-10,720.9,21.4
2025-09-11,707.5,22.9
2025-09-12,718.8,24.4
2025-09-13,649.0,24.6
2025-09-14,610.0,24.0
2025-09-15,735.8,25.5
2025-09-16,762.0,26.5
2025-09-17,771.8,26.9
2025-09-18,777.1,27.5
2025-09-19,773.9,27.5
2025-09-20,681.9,25.6
2025-09-21,619.8,21.6
2025-09-22,673.3,15.9
2025-09-23,682.4,16.2
2025-09-24,679.2,15.4
2025-09-25,687.3,16.6
2025-09-26,678.8,18.4
2025-09-27,606.8,19.8
2025-09-28,577.0,17.9
2025-09-29,668.0,19.3
2025-09-30,680.2,19.0
2025-10-01,681.4,20.8
2025-10-02,685.5,21.4
2025-10-03,690.8,21.4
2025-10-04,616.8,22.4
2025-10-05,572.2,20.7
2025-10-06,675.8,18.0
2025-10-07,685.2,21.2
2025-10-08,694.1,21.7
2025-10-09,687.1,20.6
2025-10-10,674.0,17.9
2025-10-11,597.2,18.7
2025-10-12,556.3,18.6
2025-10-13,643.1,17.9
2025-10-14,684.5,17.7
2025-10-15,685.2,18.8
2025-10-16,692.8,18.5
2025-10-17,685.4,17.8
2025-10-18,599.0,17.5
2025-10-19,569.2,17.7
2025-10-20,678.3,18.2
2025-10-21,700.0,17.3
2025-10-22,702.1,17.9
2025-10-23,697.5,19.0
2025-10-24,682.7,17.7
2025-10-25,611.5,17.6
2025-10-26,597.2,14.5
2025-10-27,664.9,11.1
2025-10-28,685.8,12.1
2025-10-29,701.8,12.5
2025-10-30,690.6,13.5
2025-10-31,682.4,13.0
2025-11-01,592.2,14.4
2025-11-02,564.9,14.0
2025-11-03,667.3,11.2
2025-11-04,692.3,11.3
2025-11-05,709.9,13.5
2025-11-06,707.6,10.2
2025-11-07,709.5,9.5
2025-11-08,628.4,10.8
2025-11-09,587.9,8.0
2025-11-10,692.2,8.6
2025-11-11,716.8,10.5
2025-11-12,717.0,12.8
2025-11-13,736.4,12.7
2025-11-14,725.3,12.3
2025-11-15,644.7,10.8
2025-11-16,595.9,10.8
2025-11-17,708.6,9.8
2025-11-18,727.8,8.8
2025-11-19,746.9,6.0
2025-11-20,764.9,5.5
2025-11-21,778.1,5.6
2025-11-22,700.7,3.5
2025-11-23,662.9,6.9
2025-11-24,777.5,9.8
2025-11-25,781.7,8.5
2025-11-26,789.7,5.6
2025-11-27,798.1,5.2
2025-11-28,788.9,6.2
2025-11-29,703.4,5.5
2025-11-30,673.7,7.4
2025-12-01,790.5,5.3
2025-12-02,811.2,5.6
2025-12-03,812.4,5.6
2025-12-04,837.5,7.2
2025-12-05,804.0,7.8
2025-12-06,680.1,11.8
2025-12-07,631.5,10.9
2025-12-08,651.6,8.1
2025-12-09,765.5,7.4
2025-12-10,793.9,9.2
2025-12-11,787.8,8.1
2025-12-12,786.9,7.8
2025-12-13,686.9,9.0
2025-12-14,658.6,7.4
2025-12-15,772.5,7.9
2025-12-16,803.0,8.3
2025-12-17,782.5,9.6
2025-12-18,780.2,8.3
2025-12-19,775.9,8.3
2025-12-20,692.8,7.5
2025-12-21,670.2,5.3
2025-12-22,770.2,2.2
2025-12-23,777.7,3.6
2025-12-24,686.3,4.3
2025-12-25,610.0,3.8
2025-12-26,683.5,4.2
2025-12-27,677.3,5.4
2025-12-28,639.2,6.9
2025-12-29,713.5,6.9
2025-12-30,724.1,5.0
2025-12-31,684.0,3.4
2026-01-01,614.0,1.1
2026-01-02,716.2,5.9
2026-01-03,695.7,8.3
2026-01-04,682.0,8.0
2026-01-05,745.9,2.5
2026-01-06,681.3,0.3
2026-01-07,849.7,1.7
2026-01-08,864.8,2.8
2026-01-09,838.0,7.9
2026-01-10,731.3,6.2
2026-01-11,691.9,3.9
2026-01-12,818.9,5.6
2026-01-13,834.2,6.7
2026-01-14,821.4,8.1
2026-01-15,833.9,4.9
2026-01-16,822.1,7.0
2026-01-17,738.2,3.7
2026-01-18,695.2,4.2
2026-01-19,826.5,3.9
2026-01-20,848.3,3.9
2026-01-21,855.2,4.8
2026-01-22,831.4,5.9
2026-01-23,819.0,5.0
2026-01-24,753.4,3.3
2026-01-25,699.9,6.3
2026-01-26,826.7,7.4
2026-01-27,838.4,8.5
2026-01-28,839.5,4.5
2026-01-29,825.9,9.3
2026-01-30,800.4,8.0
2026-01-31,702.7,7.2
2026-02-01,674.6,6.8
2026-02-02,808.9,8.1
2026-02-03,817.5,5.5
2026-02-04,831.9,6.0
2026-02-05,808.3,9.5
2026-02-06,785.3,7.1
2026-02-07,712.3,5.0
2026-02-08,661.6,6.7
2026-02-09,783.3,8.6
2026-02-10,790.4,12.7
2026-02-11,774.8,12.4
2026-02-12,742.0,9.9
2026-02-13,775.3,8.7
2026-02-14,676.1,6.6
2026-02-15,642.7,7.2
2026-02-16,754.2,9.7
2026-02-17,742.4,11.6
2026-02-18,758.4,9.1
2026-02-19,751.3,7.6
2026-02-20,752.0,6.9
2026-02-21,656.2,8.6
2026-02-22,612.9,9.7
2026-02-23,717.0,10.9
2026-02-24,729.3,11.5
2026-02-25,729.6,11.6
2026-02-26,719.6,12.3
2026-02-27,724.0,11.6
2026-02-28,651.2,11.4
2026-03-01,608.5,9.8
2026-03-02,734.8,9.9
2026-03-03,753.6,11.3
2026-03-04,762.4,11.4
2026-03-05,768.5,11.3
2026-03-06,783.0,9.3
2026-03-07,675.7,8.7
2026-03-08,631.9,8.1
2026-03-09,744.2,7.2
2026-03-10,768.5,7.0
2026-03-11,746.4,10.2
2026-03-12,723.0,10.7
2026-03-13,712.7,11.2
2026-03-14,660.9,10.5
2026-03-15,600.2,9.7
2026-03-16,698.1,10.4
2026-03-17,696.4,12.7
2026-03-18,705.5,12.2
2026-03-19,677.6,12.0
2026-03-20,703.8,9.8
2026-03-21,643.6,9.1
2026-03-22,589.0,10.7
2026-03-23,693.8,11.4
2026-03-24,703.9,11.7
2026-03-25,699.0,14.1
2026-03-26,703.1,11.0
2026-03-27,700.0,11.1
2026-03-28,624.7,11.1
2026-03-29,564.0,8.4
2026-03-30,689.4,10.1
2026-03-31,684.7,13.9
2026-04-01,677.4,13.4
2026-04-02,609.8,12.2
2026-04-03,551.7,13.2
2026-04-04,551.6,16.7
2026-04-05,529.9,18.8
2026-04-06,576.5,19.4
2026-04-07,662.2,16.6
2026-04-08,685.6,13.5
2026-04-09,677.1,16.2
2026-04-10,670.9,20.2
2026-04-11,612.0,18.9
2026-04-12,579.0,12.6
2026-04-13,666.8,10.0
2026-04-14,677.0,14.2
2026-04-15,669.1,16.8
2026-04-16,667.4,18.4
2026-04-17,668.8,19.5
2026-04-18,594.9,21.1
2026-04-19,551.9,21.4
2026-04-20,653.1,20.9
2026-04-21,670.6,20.1
2026-04-22,665.1,19.4
2026-04-23,655.7,20.1
2026-04-24,662.4,17.8
2026-04-25,589.5,18.2
2026-04-26,545.4,19.9
2026-04-27,649.3,20.8
2026-04-28,666.0,19.7
2026-04-29,680.6,16.1
2026-04-30,660.6,15.6
2026-05-01,557.7,17.4
2026-05-02,571.2,15.5
2026-05-03,551.6,15.1
2026-05-04,651.1,14.5
2026-05-05,664.7,14.1
2026-05-06,665.3,14.2
2026-05-07,672.2,13.9
2026-05-08,678.2,13.1
2026-05-09,616.2,13.2
2026-05-10,563.1,12.0
2026-05-11,655.3,13.1
2026-05-12,679.6,13.1
2026-05-13,678.4,14.5
2026-05-14,673.9,15.7
2026-05-15,676.0,13.1
2026-05-16,591.7,13.1
2026-05-17,556.1,15.8
2026-05-18,653.4,17.5
2026-05-19,667.8,20.0
2026-05-20,673.8,22.6
2026-05-21,678.7,24.7
2026-05-22,680.2,25.5
2026-05-23,611.3,25.5
2026-05-24,572.1,25.6
2026-05-25,680.7,25.2
2026-05-26,708.4,25.1
2026-05-27,719.5,26.9
2026-05-28,731.4,27.5
2026-05-29,734.4,28.5
2026-05-30,658.5,29.0
2026-05-31,617.3,28.3
2026-06-01,733.4,27.8
2026-06-02,759.1,26.4
2026-06-03,736.0,24.3
2026-06-04,741.1,24.0
2026-06-05,714.0,21.7
2026-06-06,638.5,23.6
2026-06-07,600.0,26.0
2026-06-08,718.3,26.9
2026-06-09,739.6,25.7
2026-06-10,735.6,24.1
2026-06-11,732.2,24.4
2026-06-12,732.1,26.4
2026-06-13,660.9,27.1
2026-06-14,623.0,25.9
2026-06-15,741.8,23.2
2026-06-16,767.7,26.2
2026-06-17,782.8,28.6
2026-06-18,789.4,28.7
2026-06-19,790.5,29.1
2026-06-20,718.3,27.9
2026-06-21,689.5,31.0
2026-06-22,821.9,32.0
2026-06-23,837.5,32.5
2026-06-24,794.3,32.1
2026-06-25,823.8,27.9
2026-06-26,809.2,26.9
2026-06-27,729.6,29.0
2026-06-28,688.6,28.2
2026-06-29,805.3,26.2
2026-06-30,843.3,29.8
2026-07-01,845.0,30.0
2026-07-02,830.7,26.3
2026-07-03,823.1,28.4
2026-07-04,737.1,30.8
2026-07-05,706.5,31.2
2026-07-06,843.2,32.0
2026-07-07,866.0,31.1
2026-07-08,871.0,29.6
2026-07-09,869.6,31.1
2026-07-10,846.9,29.9
2026-07-11,742.0,29.8
2026-07-12,691.9,27.5
2026-07-13,816.6,27.0
2026-07-14,847.7,29.2
2026-07-15,869.7,29.6
2026-07-16,873.8,29.3
2026-07-17,856.9,28.0
2026-07-18,760.4,29.0
2026-07-19,715.3,29.2
2026-07-20,847.6,29.2
2026-07-21,872.3,30.1
2026-07-22,870.4,31.8
2026-07-23,877.0,31.1
2026-07-24,854.3,27.9
2026-07-25,729.9,23.8
2026-07-26,656.5,24.0
2026-07-27,780.6,27.2
2026-07-28,824.1,30.2
2026-07-29,848.1,31.7
2026-07-30,852.5,31.9
2026-07-31,833.1,31.4
2026-08-01,756.6,31.1
2026-08-02,708.7,30.2
2026-08-03,802.1,27.7
2026-08-04,788.2,27.7
2026-08-05,811.0,29.3
2026-08-06,817.5,31.0
2026-08-07,809.3,31.4
2026-08-08,754.1,31.7
2026-08-09,710.3,30.2
2026-08-10,786.8,29.8
2026-08-11,789.3,29.4
2026-08-12,804.2,30.8
2026-08-13,824.4,32.0
2026-08-14,814.3,30.1
2026-08-15,715.1,26.5
2026-08-16,671.6,26.0
2026-08-17,783.3,29.4
2026-08-18,806.0,31.1
2026-08-19,813.6,30.4
2026-08-20,791.0,26.7
2026-08-21,735.2,25.6
2026-08-22,668.9,26.3
2026-08-23,640.4,26.9
2026-08-24,745.4,24.1
2026-08-25,741.3,22.7
2026-08-26,760.5,23.8
2026-08-27,758.6,18.7
2026-08-28,713.7,18.9
2026-08-29,631.8,22.4
2026-08-30,605.9,25.2
2026-08-31,731.2,26.4
2026-09-01,777.2,27.3
2026-09-02,803.0,27.9
2026-09-03,831.3,29.6
2026-09-04,841.4,30.7
2026-09-05,752.1,30.4
2026-09-06,702.0,30.6
2026-09-07,825.1,30.1
2026-09-08,828.7,29.2
2026-09-09,776.8,22.9
2026-09-10,737.9,19.2
2026-09-11,709.8,23.0
2026-09-12,646.3,24.6
2026-09-13,621.5,25.6
2026-09-14,749.7,26.6
2026-09-15,771.7,27.8
2026-09-16,741.6,23.6
2026-09-17,721.4,20.2
2026-09-18,713.1,21.3
2026-09-19,635.9,22.5
2026-09-20,596.6,23.6
2026-09-21,710.7,24.9
2026-09-22,727.4,25.8
2026-09-23,738.2,25.8
2026-09-24,741.1,26.0
2026-09-25,745.0,26.9
2026-09-26,655.1,25.6
2026-09-27,610.9,24.9
