fecha,solar_gwh,radiacion_madrid
2023-01-01,34.9,7.52
2023-01-02,31.9,5.49
2023-01-03,54.0,8.85
2023-01-04,58.5,9.35
2023-01-05,58.5,9.35
2023-01-06,55.3,9.59
2023-01-07,36.3,2.1
2023-01-08,17.7,3.31
2023-01-09,50.0,9.36
2023-01-10,46.2,9.52
2023-01-11,37.3,3.42
2023-01-12,60.8,9.61
2023-01-13,55.5,7.28
2023-01-14,57.9,7.28
2023-01-15,42.4,6.01
2023-01-16,31.1,2.63
2023-01-17,38.2,9.14
2023-01-18,57.2,8.34
2023-01-19,61.2,6.81
2023-01-20,54.3,8.84
2023-01-21,60.5,10.45
2023-01-22,75.1,11.36
2023-01-23,73.9,10.76
2023-01-24,62.3,6.38
2023-01-25,74.3,11.45
2023-01-26,54.3,8.38
2023-01-27,76.9,10.29
2023-01-28,83.0,10.49
2023-01-29,80.3,10.85
2023-01-30,81.0,12.2
2023-01-31,84.3,12.29
2023-02-01,83.5,12.34
2023-02-02,88.2,12.5
2023-02-03,91.8,12.91
2023-02-04,94.0,13.12
2023-02-05,89.2,13.23
2023-02-06,78.9,13.25
2023-02-07,43.4,10.48
2023-02-08,42.0,8.27
2023-02-09,72.7,7.6
2023-02-10,75.6,12.35
2023-02-11,75.8,13.44
2023-02-12,69.9,11.36
2023-02-13,80.7,12.88
2023-02-14,60.4,7.28
2023-02-15,72.8,12.34
2023-02-16,89.1,14.74
2023-02-17,76.2,15.15
2023-02-18,67.0,10.03
2023-02-19,67.5,14.18
2023-02-20,65.0,12.89
2023-02-21,70.4,12.91
2023-02-22,81.3,14.14
2023-02-23,70.3,10.06
2023-02-24,92.8,16.51
2023-02-25,70.1,14.59
2023-02-26,79.0,13.96
2023-02-27,99.8,13.25
2023-02-28,106.2,16.96
2023-03-01,105.6,13.3
2023-03-02,108.5,17.51
2023-03-03,112.9,17.63
2023-03-04,107.2,17.77
2023-03-05,50.3,6.15
2023-03-06,52.3,8.23
2023-03-07,70.5,13.38
2023-03-08,59.8,10.29
2023-03-09,54.7,14.3
2023-03-10,95.6,16.83
2023-03-11,78.7,16.61
2023-03-12,108.3,18.21
2023-03-13,95.4,18.42
2023-03-14,114.4,18.41
2023-03-15,125.6,19.36
2023-03-16,111.3,18.17
2023-03-17,86.6,15.78
2023-03-18,82.6,13.5
2023-03-19,115.8,20.29
2023-03-20,124.9,20.32
2023-03-21,123.5,20.09
2023-03-22,122.6,20.33
2023-03-23,115.1,20.11
2023-03-24,89.1,16.05
2023-03-25,113.1,19.07
2023-03-26,98.3,21.64
2023-03-27,126.5,22.27
2023-03-28,133.0,22.03
2023-03-29,118.1,22.1
2023-03-30,107.3,21.38
2023-03-31,89.8,16.2
2023-04-01,96.9,15.37
2023-04-02,113.2,23.44
2023-04-03,130.4,23.36
2023-04-04,118.1,24.53
2023-04-05,141.1,24.85
2023-04-06,135.2,24.28
2023-04-07,129.9,24.46
2023-04-08,134.9,24.4
2023-04-09,119.6,23.91
2023-04-10,116.5,23.79
2023-04-11,140.7,24.47
2023-04-12,106.5,18.31
2023-04-13,123.9,24.81
2023-04-14,112.9,17.31
2023-04-15,125.1,22.83
2023-04-16,121.9,25.56
2023-04-17,145.7,25.98
2023-04-18,145.6,26.15
2023-04-19,138.6,25.09
2023-04-20,140.9,25.82
2023-04-21,116.9,23.28
2023-04-22,110.1,21.93
2023-04-23,119.0,25.67
2023-04-24,148.0,25.17
2023-04-25,146.9,24.17
2023-04-26,148.1,26.7
2023-04-27,128.2,25.44
2023-04-28,112.8,23.92
2023-04-29,105.5,17.18
2023-04-30,111.6,22.02
2023-05-01,129.6,26.86
2023-05-02,136.5,25.44
2023-05-03,127.6,23.81
2023-05-04,143.3,25.65
2023-05-05,157.8,27.47
2023-05-06,144.7,27.69
2023-05-07,143.5,26.1
2023-05-08,143.2,25.1
2023-05-09,141.0,25.14
2023-05-10,156.6,26.79
2023-05-11,148.8,27.38
2023-05-12,138.5,25.06
2023-05-13,140.5,25.35
2023-05-14,124.1,24.16
2023-05-15,146.7,21.32
2023-05-16,152.8,28.35
2023-05-17,124.2,27.36
2023-05-18,128.5,28.84
2023-05-19,129.8,26.7
2023-05-20,111.9,24.4
2023-05-21,102.6,22.41
2023-05-22,78.7,20.39
2023-05-23,78.8,22.63
2023-05-24,114.1,22.67
2023-05-25,124.6,20.83
2023-05-26,95.6,11.19
2023-05-27,75.3,16.2
2023-05-28,87.1,19.54
2023-05-29,107.2,21.87
2023-05-30,108.1,20.38
2023-05-31,131.1,25.38
2023-06-01,100.6,24.55
2023-06-02,105.7,19.52
2023-06-03,121.2,26.65
2023-06-04,117.5,25.43
2023-06-05,128.2,24.46
2023-06-06,139.4,27.93
2023-06-07,61.4,5.58
2023-06-08,68.0,12.38
2023-06-09,121.6,24.22
2023-06-10,136.0,24.32
2023-06-11,131.8,26.35
2023-06-12,126.3,24.01
2023-06-13,126.5,24.99
2023-06-14,144.7,21.72
2023-06-15,154.2,27.32
2023-06-16,153.1,29.22
2023-06-17,142.6,24.71
2023-06-18,114.3,23.43
2023-06-19,119.7,24.08
2023-06-20,122.0,25.15
2023-06-21,102.2,20.97
2023-06-22,156.4,25.82
2023-06-23,150.9,29.3
2023-06-24,151.3,29.7
2023-06-25,138.2,28.38
2023-06-26,150.0,28.91
2023-06-27,139.4,28.18
2023-06-28,140.6,27.51
2023-06-29,147.6,28.18
2023-06-30,156.9,29.81
2023-07-01,148.2,29.28
2023-07-02,137.3,27.05
2023-07-03,143.5,27.21
2023-07-04,152.0,29.28
2023-07-05,132.5,25.99
2023-07-06,134.1,29.09
2023-07-07,145.4,26.99
2023-07-08,149.7,29.95
2023-07-09,144.6,28.71
2023-07-10,142.3,29.51
2023-07-11,149.5,29.89
2023-07-12,144.3,22.0
2023-07-13,156.9,29.08
2023-07-14,161.0,29.53
2023-07-15,147.3,29.35
2023-07-16,146.6,29.65
2023-07-17,137.7,28.34
2023-07-18,134.0,28.9
2023-07-19,143.3,28.88
2023-07-20,148.5,29.69
2023-07-21,148.3,25.59
2023-07-22,147.0,25.0
2023-07-23,139.3,29.25
2023-07-24,148.5,28.39
2023-07-25,159.3,28.88
2023-07-26,149.5,28.83
2023-07-27,143.1,28.47
2023-07-28,160.2,28.4
2023-07-29,156.5,28.22
2023-07-30,149.0,27.91
2023-07-31,159.7,27.98
2023-08-01,161.0,28.07
2023-08-02,163.0,27.75
2023-08-03,156.0,27.69
2023-08-04,153.4,28.04
2023-08-05,141.7,27.62
2023-08-06,133.5,27.3
2023-08-07,152.2,27.28
2023-08-08,141.5,26.2
2023-08-09,121.7,25.03
2023-08-10,151.0,27.32
2023-08-11,158.4,26.82
2023-08-12,155.4,26.19
2023-08-13,147.2,25.95
2023-08-14,154.8,26.37
2023-08-15,143.9,25.87
2023-08-16,149.1,26.13
2023-08-17,155.7,25.79
2023-08-18,140.4,24.25
2023-08-19,151.6,24.88
2023-08-20,149.0,25.17
2023-08-21,148.5,24.04
2023-08-22,146.9,24.79
2023-08-23,145.2,24.8
2023-08-24,146.3,24.79
2023-08-25,134.2,24.24
2023-08-26,88.2,16.39
2023-08-27,111.7,20.48
2023-08-28,139.9,23.94
2023-08-29,136.5,20.78
2023-08-30,137.6,21.15
2023-08-31,143.5,23.74
2023-09-01,133.3,21.2
2023-09-02,70.9,14.68
2023-09-03,40.4,4.28
2023-09-04,106.4,14.03
2023-09-05,122.2,21.2
2023-09-06,124.2,20.48
2023-09-07,108.2,19.0
2023-09-08,126.9,20.47
2023-09-09,109.9,17.59
2023-09-10,122.0,19.68
2023-09-11,118.3,19.4
2023-09-12,118.2,19.15
2023-09-13,127.1,20.82
2023-09-14,112.6,19.49
2023-09-15,84.0,15.53
2023-09-16,73.6,14.54
2023-09-17,82.6,9.59
2023-09-18,97.1,13.26
2023-09-19,115.2,18.77
2023-09-20,137.0,20.1
2023-09-21,79.4,7.55
2023-09-22,133.1,19.85
2023-09-23,131.7,20.02
2023-09-24,124.7,20.02
2023-09-25,133.8,19.77
2023-09-26,127.4,19.12
2023-09-27,124.6,18.43
2023-09-28,130.6,18.8
2023-09-29,128.6,18.76
2023-09-30,126.6,18.43
2023-10-01,130.3,18.57
2023-10-02,126.4,18.3
2023-10-03,120.6,17.48
2023-10-04,121.4,17.51
2023-10-05,121.3,17.57
2023-10-06,120.5,17.55
2023-10-07,118.1,17.4
2023-10-08,121.1,17.13
2023-10-09,114.8,16.82
2023-10-10,118.6,16.88
2023-10-11,123.2,16.68
2023-10-12,120.2,16.31
2023-10-13,88.6,12.62
2023-10-14,71.2,12.14
2023-10-15,78.2,11.46
2023-10-16,62.7,9.46
2023-10-17,65.7,11.49
2023-10-18,70.2,11.83
2023-10-19,23.9,2.39
2023-10-20,71.2,11.44
2023-10-21,91.4,11.69
2023-10-22,37.9,7.4
2023-10-23,50.1,9.88
2023-10-24,79.1,7.69
2023-10-25,56.5,8.4
2023-10-26,38.1,6.31
2023-10-27,66.8,9.09
2023-10-28,69.7,9.11
2023-10-29,52.8,5.49
2023-10-30,72.5,10.36
2023-10-31,40.9,7.76
2023-11-01,48.4,4.45
2023-11-02,42.7,5.61
2023-11-03,54.8,9.0
2023-11-04,43.9,3.82
2023-11-05,68.4,9.25
2023-11-06,86.9,11.11
2023-11-07,82.1,9.41
2023-11-08,65.4,7.53
2023-11-09,69.8,11.88
2023-11-10,75.2,8.25
2023-11-11,45.9,6.63
2023-11-12,61.2,8.96
2023-11-13,75.4,9.49
2023-11-14,81.8,7.42
2023-11-15,73.2,6.23
2023-11-16,61.5,6.08
2023-11-17,71.9,7.09
2023-11-18,84.7,9.43
2023-11-19,88.9,10.65
2023-11-20,82.8,10.34
2023-11-21,73.5,9.54
2023-11-22,82.9,8.83
2023-11-23,90.9,10.69
2023-11-24,93.4,10.51
2023-11-25,84.0,10.27
2023-11-26,76.9,9.89
2023-11-27,57.1,6.8
2023-11-28,31.5,5.3
2023-11-29,36.9,5.0
2023-11-30,27.0,2.49
2023-12-01,48.4,6.63
2023-12-02,73.7,8.51
2023-12-03,67.5,7.73
2023-12-04,33.6,6.92
2023-12-05,39.7,6.29
2023-12-06,41.6,7.65
2023-12-07,34.1,3.19
2023-12-08,52.6,7.11
2023-12-09,43.8,4.15
2023-12-10,46.6,2.66
2023-12-11,60.4,4.67
2023-12-12,48.6,3.07
2023-12-13,49.9,8.02
2023-12-14,81.6,6.74
2023-12-15,83.6,8.66
2023-12-16,83.7,9.25
2023-12-17,81.2,9.26
2023-12-18,81.7,9.09
2023-12-19,81.3,9.21
2023-12-20,49.4,7.41
2023-12-21,79.9,8.65
2023-12-22,80.6,9.02
2023-12-23,80.1,9.1
2023-12-24,80.1,9.04
2023-12-25,73.9,9.13
2023-12-26,60.4,7.05
2023-12-27,62.2,7.93
2023-12-28,44.7,7.07
2023-12-29,28.3,3.19
2023-12-30,71.3,8.81
2023-12-31,36.8,3.87
2024-01-01,66.6,7.15
2024-01-02,49.6,2.95
2024-01-03,36.4,2.19
2024-01-04,26.0,2.52
2024-01-05,61.9,7.57
2024-01-06,78.2,8.45
2024-01-07,85.3,9.34
2024-01-08,65.4,8.6
2024-01-09,37.6,6.99
2024-01-10,33.4,3.39
2024-01-11,63.1,8.6
2024-01-12,72.0,9.87
2024-01-13,45.4,4.9
2024-01-14,45.3,2.26
2024-01-15,22.9,3.23
2024-01-16,33.7,4.36
2024-01-17,45.7,4.64
2024-01-18,45.1,6.92
2024-01-19,22.1,2.26
2024-01-20,73.0,9.9
2024-01-21,82.7,9.79
2024-01-22,82.2,7.08
2024-01-23,89.7,8.01
2024-01-24,93.6,10.61
2024-01-25,94.0,11.16
2024-01-26,89.3,10.16
2024-01-27,88.6,10.1
2024-01-28,81.2,11.3
2024-01-29,60.3,9.38
2024-01-30,75.6,11.62
2024-01-31,86.2,8.81
2024-02-01,106.6,12.08
2024-02-02,109.9,11.94
2024-02-03,107.8,12.48
2024-02-04,109.3,12.64
2024-02-05,87.9,10.43
2024-02-06,85.2,9.7
2024-02-07,63.6,5.39
2024-02-08,39.3,3.92
2024-02-09,30.6,3.84
2024-02-10,78.6,10.81
2024-02-11,42.1,5.5
2024-02-12,88.2,10.62
2024-02-13,80.2,6.94
2024-02-14,77.7,7.98
2024-02-15,42.5,5.35
2024-02-16,92.9,12.39
2024-02-17,127.2,14.9
2024-02-18,118.5,13.58
2024-02-19,125.4,14.49
2024-02-20,126.3,15.75
2024-02-21,106.5,10.11
2024-02-22,72.8,7.81
2024-02-23,99.8,12.47
2024-02-24,98.5,14.13
2024-02-25,52.9,7.74
2024-02-26,86.0,13.78
2024-02-27,103.1,13.26
2024-02-28,127.8,15.01
2024-02-29,121.6,16.02
2024-03-01,124.5,14.36
2024-03-02,58.1,4.83
2024-03-03,98.8,13.89
2024-03-04,75.0,9.82
2024-03-05,144.2,15.94
2024-03-06,142.7,17.46
2024-03-07,74.7,9.25
2024-03-08,84.9,10.68
2024-03-09,49.3,9.5
2024-03-10,75.0,12.61
2024-03-11,122.8,14.16
2024-03-12,150.8,19.18
2024-03-13,145.4,18.27
2024-03-14,119.0,15.86
2024-03-15,124.4,16.42
2024-03-16,133.8,12.59
2024-03-17,127.7,16.79
2024-03-18,107.9,14.08
2024-03-19,126.0,19.97
2024-03-20,107.4,17.17
2024-03-21,100.8,18.45
2024-03-22,112.7,19.92
2024-03-23,88.6,20.35
2024-03-24,72.2,21.12
2024-03-25,53.6,9.28
2024-03-26,96.6,15.58
2024-03-27,73.6,10.02
2024-03-28,75.4,12.8
2024-03-29,72.7,4.36
2024-03-30,75.8,11.02
2024-03-31,58.7,11.72
2024-04-01,113.2,17.77
2024-04-02,103.3,10.21
2024-04-03,130.5,17.56
2024-04-04,136.6,22.34
2024-04-05,132.9,21.95
2024-04-06,69.6,16.68
2024-04-07,90.3,18.45
2024-04-08,105.3,19.22
2024-04-09,141.7,24.31
2024-04-10,139.1,24.08
2024-04-11,148.4,24.01
2024-04-12,155.8,24.82
2024-04-13,134.7,25.23
2024-04-14,125.1,24.8
2024-04-15,141.6,23.46
2024-04-16,149.1,25.23
2024-04-17,147.7,25.68
2024-04-18,151.0,26.05
2024-04-19,159.8,25.87
2024-04-20,142.0,23.82
2024-04-21,137.8,26.21
2024-04-22,145.1,26.66
2024-04-23,161.4,23.9
2024-04-24,183.2,26.55
2024-04-25,143.8,16.71
2024-04-26,130.4,19.22
2024-04-27,111.9,21.48
2024-04-28,137.9,25.59
2024-04-29,129.8,22.42
2024-04-30,130.7,22.82
2024-05-01,112.7,21.39
2024-05-02,165.1,22.07
2024-05-03,181.7,25.51
2024-05-04,162.3,27.28
2024-05-05,120.6,16.09
2024-05-06,151.5,23.0
2024-05-07,182.8,27.27
2024-05-08,183.4,27.82
2024-05-09,173.6,25.84
2024-05-10,175.7,28.21
2024-05-11,144.6,27.59
2024-05-12,135.2,25.06
2024-05-13,162.6,24.25
2024-05-14,152.1,22.14
2024-05-15,168.5,23.46
2024-05-16,155.3,21.71
2024-05-17,147.4,22.51
2024-05-18,176.7,25.15
2024-05-19,141.3,25.05
2024-05-20,164.2,24.48
2024-05-21,165.2,20.82
2024-05-22,181.9,21.46
2024-05-23,184.5,29.82
2024-05-24,201.3,29.37
2024-05-25,183.0,29.85
2024-05-26,148.8,28.49
2024-05-27,186.1,29.17
2024-05-28,185.6,28.98
2024-05-29,192.6,29.11
2024-05-30,181.0,27.05
2024-05-31,161.5,29.1
2024-06-01,151.1,29.81
2024-06-02,154.5,30.03
2024-06-03,179.0,27.08
2024-06-04,192.5,27.33
2024-06-05,187.8,28.85
2024-06-06,166.3,27.01
2024-06-07,136.1,23.56
2024-06-08,126.2,11.97
2024-06-09,115.5,22.32
2024-06-10,126.0,12.03
2024-06-11,157.4,29.19
2024-06-12,155.4,26.14
2024-06-13,181.0,29.96
2024-06-14,189.1,30.48
2024-06-15,159.4,30.19
2024-06-16,149.2,30.3
2024-06-17,200.0,30.38
2024-06-18,145.7,19.93
2024-06-19,142.4,26.54
2024-06-20,156.3,22.29
2024-06-21,203.7,29.16
2024-06-22,177.1,27.05
2024-06-23,152.1,22.96
2024-06-24,193.7,29.61
2024-06-25,193.5,27.25
2024-06-26,155.9,21.04
2024-06-27,146.4,24.83
2024-06-28,124.3,23.44
2024-06-29,105.7,15.1
2024-06-30,155.2,20.28
2024-07-01,179.0,27.05
2024-07-02,201.3,29.16
2024-07-03,206.2,30.1
2024-07-04,202.4,29.8
2024-07-05,197.8,28.53
2024-07-06,151.7,25.84
2024-07-07,162.8,29.84
2024-07-08,197.9,29.73
2024-07-09,198.2,28.83
2024-07-10,206.1,29.16
2024-07-11,206.4,29.1
2024-07-12,212.2,29.95
2024-07-13,190.6,29.3
2024-07-14,174.5,29.73
2024-07-15,186.6,28.32
2024-07-16,206.5,29.98
2024-07-17,197.8,28.65
2024-07-18,154.5,26.73
2024-07-19,197.7,29.23
2024-07-20,187.9,28.14
2024-07-21,177.0,29.21
2024-07-22,198.2,29.6
2024-07-23,199.3,28.62
2024-07-24,198.6,27.95
2024-07-25,195.8,27.99
2024-07-26,190.8,26.72
2024-07-27,189.1,26.2
2024-07-28,168.0,26.92
2024-07-29,124.7,19.25
2024-07-30,172.0,26.42
2024-07-31,194.4,28.11
2024-08-01,199.2,28.28
2024-08-02,190.9,24.83
2024-08-03,193.6,27.52
2024-08-04,192.3,26.65
2024-08-05,192.8,26.88
2024-08-06,191.8,27.26
2024-08-07,191.6,27.17
2024-08-08,192.9,26.86
2024-08-09,190.8,25.68
2024-08-10,178.5,26.68
2024-08-11,167.9,25.8
2024-08-12,186.1,26.07
2024-08-13,148.4,18.61
2024-08-14,166.4,23.63
2024-08-15,171.1,26.48
2024-08-16,187.2,26.2
2024-08-17,184.7,24.38
2024-08-18,173.5,23.95
2024-08-19,185.1,25.34
2024-08-20,176.8,25.16
2024-08-21,165.3,23.44
2024-08-22,172.8,21.27
2024-08-23,173.8,23.88
2024-08-24,164.4,23.98
2024-08-25,138.0,24.04
2024-08-26,167.7,21.88
2024-08-27,172.1,23.99
2024-08-28,168.0,22.39
2024-08-29,132.3,15.83
2024-08-30,144.2,16.59
2024-08-31,127.9,15.0
2024-09-01,149.5,21.28
2024-09-02,157.4,22.54
2024-09-03,154.0,21.73
2024-09-04,156.4,19.53
2024-09-05,155.5,19.01
2024-09-06,175.3,21.42
2024-09-07,150.2,22.5
2024-09-08,152.6,22.06
2024-09-09,180.7,22.49
2024-09-10,172.5,22.22
2024-09-11,162.9,21.64
2024-09-12,152.8,19.97
2024-09-13,152.2,22.09
2024-09-14,154.6,21.54
2024-09-15,137.8,21.64
2024-09-16,159.8,21.81
2024-09-17,144.4,21.28
2024-09-18,131.6,18.25
2024-09-19,96.4,13.99
2024-09-20,103.6,13.04
2024-09-21,98.5,13.88
2024-09-22,123.6,17.14
2024-09-23,143.9,18.45
2024-09-24,94.2,13.26
2024-09-25,86.3,7.67
2024-09-26,100.4,12.46
2024-09-27,131.8,18.17
2024-09-28,139.6,19.42
2024-09-29,129.6,18.63
2024-09-30,157.9,18.56
2024-10-01,136.4,14.72
2024-10-02,95.7,12.65
2024-10-03,130.7,17.42
2024-10-04,138.8,14.41
2024-10-05,119.1,15.43
2024-10-06,95.1,13.13
2024-10-07,61.7,7.15
2024-10-08,85.6,9.77
2024-10-09,65.4,4.13
2024-10-10,122.8,15.39
2024-10-11,80.4,11.61
2024-10-12,43.9,6.42
2024-10-13,88.4,11.04
2024-10-14,67.5,7.69
2024-10-15,52.1,8.68
2024-10-16,85.2,10.97
2024-10-17,92.6,10.04
2024-10-18,107.7,15.15
2024-10-19,97.7,11.76
2024-10-20,103.2,9.81
2024-10-21,129.5,14.29
2024-10-22,112.2,12.64
2024-10-23,115.2,11.32
2024-10-24,108.4,8.19
2024-10-25,69.7,6.98
2024-10-26,74.1,10.51
2024-10-27,76.3,10.83
2024-10-28,96.1,12.04
2024-10-29,34.8,5.44
2024-10-30,58.2,12.1
2024-10-31,56.1,10.72
2024-11-01,76.3,9.33
2024-11-02,99.7,9.58
2024-11-03,95.3,8.76
2024-11-04,83.9,7.89
2024-11-05,92.3,8.32
2024-11-06,111.0,12.0
2024-11-07,101.9,10.97
2024-11-08,52.7,6.47
2024-11-09,80.5,8.0
2024-11-10,99.8,7.91
2024-11-11,101.9,10.33
2024-11-12,95.8,9.7
2024-11-13,41.5,4.2
2024-11-14,42.8,8.1
2024-11-15,64.8,6.72
2024-11-16,69.0,8.61
2024-11-17,69.2,10.41
2024-11-18,91.5,10.36
2024-11-19,76.9,8.52
2024-11-20,86.3,9.97
2024-11-21,44.3,8.34
2024-11-22,60.5,8.44
2024-11-23,81.6,5.35
2024-11-24,53.7,8.28
2024-11-25,56.6,3.74
2024-11-26,65.7,6.78
2024-11-27,94.4,9.85
2024-11-28,89.3,9.9
2024-11-29,71.2,8.06
2024-11-30,82.5,9.29
2024-12-01,52.1,6.73
2024-12-02,58.7,7.05
2024-12-03,62.5,8.25
2024-12-04,79.2,8.74
2024-12-05,87.0,8.78
2024-12-06,80.9,8.8
2024-12-07,73.6,6.78
2024-12-08,82.2,6.0
2024-12-09,90.5,7.47
2024-12-10,93.7,6.83
2024-12-11,64.2,4.2
2024-12-12,56.0,7.65
2024-12-13,72.3,4.45
2024-12-14,79.8,7.52
2024-12-15,86.1,8.98
2024-12-16,96.9,9.18
2024-12-17,75.3,8.6
2024-12-18,71.2,8.24
2024-12-19,48.9,5.62
2024-12-20,89.9,9.04
2024-12-21,97.3,8.97
2024-12-22,99.0,8.92
2024-12-23,93.3,7.87
2024-12-24,95.8,8.69
2024-12-25,97.7,8.9
2024-12-26,83.7,8.91
2024-12-27,86.5,8.61
2024-12-28,88.2,8.58
2024-12-29,85.8,9.16
2024-12-30,87.3,9.15
2024-12-31,78.1,9.12
2025-01-01,78.6,6.72
2025-01-02,92.7,6.74
2025-01-03,75.3,5.11
2025-01-04,70.1,2.75
2025-01-05,40.2,2.6
2025-01-06,59.1,6.52
2025-01-07,75.2,6.7
2025-01-08,58.9,5.67
2025-01-09,73.5,5.27
2025-01-10,61.7,5.02
2025-01-11,59.0,6.49
2025-01-12,89.4,10.01
2025-01-13,112.0,10.74
2025-01-14,114.8,10.65
2025-01-15,115.5,10.76
2025-01-16,105.1,10.27
2025-01-17,102.4,9.29
2025-01-18,116.7,10.67
2025-01-19,98.9,10.54
2025-01-20,28.6,3.01
2025-01-21,34.1,2.22
2025-01-22,47.5,4.69
2025-01-23,71.7,6.69
2025-01-24,65.3,5.78
2025-01-25,50.0,3.72
2025-01-26,43.8,3.29
2025-01-27,49.2,7.5
2025-01-28,75.3,10.23
2025-01-29,35.8,1.83
2025-01-30,92.8,10.66
2025-01-31,123.5,12.39
2025-02-01,114.1,11.57
2025-02-02,83.4,8.77
2025-02-03,107.5,12.6
2025-02-04,128.8,12.79
2025-02-05,138.3,13.28
2025-02-06,141.0,13.39
2025-02-07,86.4,6.17
2025-02-08,121.4,12.67
2025-02-09,120.2,11.79
2025-02-10,92.1,10.78
2025-02-11,91.0,11.23
2025-02-12,103.8,12.22
2025-02-13,135.6,12.65
2025-02-14,140.6,13.83
2025-02-15,111.7,10.93
2025-02-16,130.0,13.66
2025-02-17,121.9,12.37
2025-02-18,88.6,11.72
2025-02-19,113.7,13.0
2025-02-20,137.8,12.87
2025-02-21,79.6,9.42
2025-02-22,103.3,12.89
2025-02-23,145.2,16.06
2025-02-24,125.2,12.57
2025-02-25,84.8,9.75
2025-02-26,153.8,16.66
2025-02-27,114.9,11.64
2025-02-28,90.5,14.05
2025-03-01,63.9,5.26
2025-03-02,42.9,2.56
2025-03-03,60.3,6.31
2025-03-04,85.8,9.19
2025-03-05,62.1,10.33
2025-03-06,85.2,6.44
2025-03-07,65.0,7.49
2025-03-08,56.0,3.39
2025-03-09,99.8,8.55
2025-03-10,92.5,9.31
2025-03-11,100.8,8.27
2025-03-12,96.4,14.96
2025-03-13,68.6,7.45
2025-03-14,110.1,14.08
2025-03-15,134.9,14.05
2025-03-16,110.2,10.54
2025-03-17,77.8,4.93
2025-03-18,80.8,4.65
2025-03-19,115.1,14.49
2025-03-20,87.2,8.23
2025-03-21,85.5,8.09
2025-03-22,92.6,7.6
2025-03-23,109.9,15.88
2025-03-24,142.5,14.86
2025-03-25,141.1,17.26
2025-03-26,138.3,16.29
2025-03-27,139.2,20.77
2025-03-28,142.4,22.0
2025-03-29,137.2,22.44
2025-03-30,126.5,23.23
2025-03-31,155.1,23.22
2025-04-01,143.1,21.02
2025-04-02,109.0,17.83
2025-04-03,82.0,4.28
2025-04-04,106.2,14.45
2025-04-05,129.6,16.47
2025-04-06,122.0,20.09
2025-04-07,181.3,23.55
2025-04-08,163.1,24.07
2025-04-09,156.7,23.93
2025-04-10,141.4,21.87
2025-04-11,97.6,11.07
2025-04-12,91.2,13.46
2025-04-13,127.0,15.15
2025-04-14,113.5,20.9
2025-04-15,140.9,18.41
2025-04-16,151.8,14.99
2025-04-17,156.7,24.48
2025-04-18,117.3,19.14
2025-04-19,115.2,22.47
2025-04-20,120.7,17.9
2025-04-21,176.7,21.6
2025-04-22,166.8,19.77
2025-04-23,208.3,26.0
2025-04-24,201.5,26.47
2025-04-25,190.7,25.04
2025-04-26,164.5,22.31
2025-04-27,134.9,25.37
2025-04-28,73.6,27.12
2025-04-29,92.7,25.57
2025-04-30,106.7,15.86
2025-05-01,119.5,18.22
2025-05-02,102.1,17.48
2025-05-03,136.8,21.0
2025-05-04,115.6,21.06
2025-05-05,122.7,18.92
2025-05-06,136.2,20.66
2025-05-07,169.0,23.89
2025-05-08,131.8,14.56
2025-05-09,150.0,22.64
2025-05-10,115.0,21.76
2025-05-11,118.6,24.21
2025-05-12,165.3,23.1
2025-05-13,154.8,26.65
2025-05-14,159.0,23.18
2025-05-15,142.9,21.09
2025-05-16,163.2,27.07
2025-05-17,159.4,27.81
2025-05-18,147.3,27.63
2025-05-19,162.1,24.74
2025-05-20,176.3,25.27
2025-05-21,193.3,27.82
2025-05-22,171.2,26.99
2025-05-23,178.3,29.55
2025-05-24,171.6,29.61
2025-05-25,157.2,29.0
2025-05-26,206.8,26.97
2025-05-27,212.7,29.42
2025-05-28,205.7,28.89
2025-05-29,205.0,29.11
2025-05-30,196.3,26.44
2025-05-31,179.2,26.95
2025-06-01,151.3,25.29
2025-06-02,176.1,24.42
2025-06-03,158.1,21.77
2025-06-04,201.5,24.15
2025-06-05,213.8,29.38
2025-06-06,228.6,29.66
2025-06-07,195.1,29.83
2025-06-08,172.2,29.94
2025-06-09,196.8,27.05
2025-06-10,166.7,21.73
2025-06-11,170.1,13.7
2025-06-12,222.6,29.29
2025-06-13,214.8,29.28
2025-06-14,198.4,29.36
2025-06-15,176.2,28.54
2025-06-16,216.5,28.29
2025-06-17,219.4,25.08
2025-06-18,222.3,26.28
2025-06-19,190.2,24.53
2025-06-20,227.2,26.91
2025-06-21,214.3,25.26
2025-06-22,186.4,27.62
2025-06-23,196.1,26.15
2025-06-24,182.0,20.19
2025-06-25,228.1,29.74
2025-06-26,239.7,30.3
2025-06-27,232.0,30.18
2025-06-28,227.3,29.45
2025-06-29,213.9,28.66
2025-06-30,202.0,26.23
2025-07-01,204.6,28.53
2025-07-02,190.7,28.15
2025-07-03,196.6,26.34
2025-07-04,206.9,29.03
2025-07-05,200.4,25.86
2025-07-06,198.2,27.35
2025-07-07,231.1,29.03
2025-07-08,210.0,28.02
2025-07-09,187.4,27.82
2025-07-10,219.1,29.89
2025-07-11,205.5,29.51
2025-07-12,175.9,25.35
2025-07-13,202.8,29.35
2025-07-14,226.7,29.6
2025-07-15,238.0,29.46
2025-07-16,240.6,29.27
2025-07-17,223.4,29.64
2025-07-18,213.3,29.93
2025-07-19,189.6,28.88
2025-07-20,169.3,28.82
2025-07-21,232.5,29.6
2025-07-22,223.1,29.05
2025-07-23,164.0,21.69
2025-07-24,171.3,28.15
2025-07-25,192.6,29.08
2025-07-26,203.3,28.74
2025-07-27,184.7,28.29
2025-07-28,201.0,27.95
2025-07-29,183.1,28.43
2025-07-30,201.0,28.38
2025-07-31,209.3,26.78
2025-08-01,195.6,22.71
2025-08-02,196.0,24.27
2025-08-03,177.2,26.49
2025-08-04,215.7,26.74
2025-08-05,198.8,26.65
2025-08-06,202.3,26.17
2025-08-07,229.2,27.57
2025-08-08,210.3,25.73
2025-08-09,205.5,25.86
2025-08-10,185.0,26.61
2025-08-11,217.4,25.88
2025-08-12,186.5,22.78
2025-08-13,180.2,23.84
2025-08-14,193.9,24.69
2025-08-15,204.5,25.54
2025-08-16,199.5,25.76
2025-08-17,182.2,25.03
2025-08-18,148.8,19.3
2025-08-19,182.4,25.21
2025-08-20,177.0,22.62
2025-08-21,197.7,22.79
2025-08-22,194.2,24.06
2025-08-23,200.2,23.73
2025-08-24,167.4,25.04
2025-08-25,167.7,18.11
2025-08-26,176.0,23.14
2025-08-27,175.3,21.6
2025-08-28,173.4,24.41
2025-08-29,167.7,21.25
2025-08-30,189.8,23.49
2025-08-31,142.5,20.04
2025-09-01,183.2,21.9
2025-09-02,179.4,22.19
2025-09-03,187.6,23.27
2025-09-04,197.9,23.56
2025-09-05,182.2,21.49
2025-09-06,150.0,22.51
2025-09-07,121.4,11.06
2025-09-08,169.5,18.26
2025-09-09,179.0,22.29
2025-09-10,151.7,14.17
2025-09-11,181.9,21.77
2025-09-12,195.3,20.1
2025-09-13,171.0,19.76
2025-09-14,181.3,21.28
2025-09-15,206.4,21.06
2025-09-16,200.9,21.03
2025-09-17,199.8,20.78
2025-09-18,183.6,20.19
2025-09-19,147.7,18.77
2025-09-20,158.3,18.73
2025-09-21,132.3,20.17
2025-09-22,173.5,20.12
2025-09-23,165.7,20.07
2025-09-24,168.5,19.33
2025-09-25,182.8,19.2
2025-09-26,189.5,19.84
2025-09-27,143.7,16.68
2025-09-28,93.2,5.68
2025-09-29,114.7,16.34
2025-09-30,150.4,12.09
2025-10-01,180.5,17.26
2025-10-02,181.4,18.44
2025-10-03,165.0,16.61
2025-10-04,159.9,17.86
2025-10-05,128.2,17.74
2025-10-06,145.2,17.43
2025-10-07,170.4,16.94
2025-10-08,147.9,16.02
2025-10-09,137.1,15.6
2025-10-10,134.8,11.57
2025-10-11,143.5,11.92
2025-10-12,126.4,11.66
2025-10-13,123.8,14.59
2025-10-14,153.6,15.49
2025-10-15,143.7,15.15
2025-10-16,125.5,12.71
2025-10-17,144.4,13.72
2025-10-18,151.0,15.43
2025-10-19,109.8,12.54
2025-10-20,107.8,12.48
2025-10-21,88.3,10.14
2025-10-22,102.1,11.55
2025-10-23,123.2,12.78
2025-10-24,124.3,9.1
2025-10-25,109.1,8.86
2025-10-26,101.4,12.76
2025-10-27,153.1,14.31
2025-10-28,123.8,13.46
2025-10-29,58.4,3.99
2025-10-30,93.6,6.1
2025-10-31,86.4,3.57
2025-11-01,95.1,6.34
2025-11-02,116.2,12.41
2025-11-03,151.4,12.82
2025-11-04,123.5,11.8
2025-11-05,63.7,6.36
2025-11-06,95.5,9.05
2025-11-07,77.7,3.15
2025-11-08,112.8,11.03
2025-11-09,130.8,11.62
2025-11-10,126.2,11.38
2025-11-11,126.3,9.53
2025-11-12,110.3,11.34
2025-11-13,33.8,1.82
2025-11-14,61.7,9.05
2025-11-15,39.6,2.72
2025-11-16,80.9,7.66
2025-11-17,90.0,8.29
2025-11-18,132.4,10.88
2025-11-19,113.4,10.4
2025-11-20,129.8,9.22
2025-11-21,128.7,7.56
2025-11-22,130.2,10.23
2025-11-23,105.0,8.41
2025-11-24,43.4,2.98
2025-11-25,119.4,9.15
2025-11-26,131.9,9.63
2025-11-27,138.9,9.84
2025-11-28,138.0,9.69
2025-11-29,104.9,8.15
2025-11-30,68.7,8.42
2025-12-01,117.4,9.49
2025-12-02,68.7,6.68
2025-12-03,111.7,8.94
2025-12-04,42.0,4.68
2025-12-05,54.8,3.95
2025-12-06,60.9,6.2
2025-12-07,76.8,6.11
2025-12-08,106.3,4.36
2025-12-09,83.4,6.27
2025-12-10,36.7,2.29
2025-12-11,83.1,8.39
2025-12-12,38.2,4.97
2025-12-13,81.0,7.71
2025-12-14,81.0,7.59
2025-12-15,50.5,3.98
2025-12-16,35.4,3.79
2025-12-17,82.4,6.93
2025-12-18,89.6,4.22
2025-12-19,35.9,3.38
2025-12-20,65.7,4.13
2025-12-21,45.2,5.51
2025-12-22,73.4,7.16
2025-12-23,46.6,6.05
2025-12-24,85.8,8.01
2025-12-25,78.6,1.79
2025-12-26,90.7,7.36
2025-12-27,72.1,6.66
2025-12-28,60.5,4.55
2025-12-29,100.0,7.73
2025-12-30,104.1,8.85
2025-12-31,96.6,9.08
2026-01-01,41.6,5.0
2026-01-02,42.1,4.59
2026-01-03,37.7,5.51
2026-01-04,43.7,6.83
2026-01-05,74.8,8.61
2026-01-06,114.5,9.42
2026-01-07,92.2,6.4
2026-01-08,71.3,3.62
2026-01-09,78.3,8.77
2026-01-10,117.0,8.97
2026-01-11,119.5,9.36
2026-01-12,109.5,4.61
2026-01-13,59.2,6.72
2026-01-14,80.3,6.4
2026-01-15,72.1,3.83
2026-01-16,70.0,6.52
2026-01-17,71.3,2.5
2026-01-18,109.7,6.87
2026-01-19,111.1,8.36
2026-01-20,115.8,10.59
2026-01-21,41.0,2.06
2026-01-22,72.3,7.05
2026-01-23,87.7,6.61
2026-01-24,82.2,7.26
2026-01-25,58.4,6.46
2026-01-26,43.1,1.77
2026-01-27,58.4,6.49
2026-01-28,55.6,6.31
2026-01-29,39.1,2.46
2026-01-30,59.2,5.59
2026-01-31,70.8,11.33
2026-02-01,51.0,2.33
2026-02-02,55.1,6.41
2026-02-03,74.1,6.6
2026-02-04,38.2,4.66
2026-02-05,60.6,8.28
2026-02-06,72.7,4.6
2026-02-07,45.9,2.73
2026-02-08,63.2,9.5
2026-02-09,59.2,7.98
2026-02-10,45.4,3.97
2026-02-11,42.8,3.78
2026-02-12,83.2,11.47
2026-02-13,66.9,7.52
2026-02-14,90.2,10.73
2026-02-15,82.7,13.39
2026-02-16,78.7,9.99
2026-02-17,105.4,13.77
2026-02-18,94.4,9.52
2026-02-19,115.2,14.27
2026-02-20,141.5,15.43
2026-02-21,137.5,15.76
2026-02-22,128.1,16.01
2026-02-23,153.0,15.99
2026-02-24,140.3,15.82
2026-02-25,130.2,16.15
2026-02-26,140.7,16.43
2026-02-27,144.2,16.57
2026-02-28,141.3,16.49
2026-03-01,118.7,11.25
2026-03-02,130.3,16.02
2026-03-03,114.1,11.42
2026-03-04,87.5,15.11
2026-03-05,101.1,15.07
2026-03-06,69.3,5.46
2026-03-07,104.7,11.66
2026-03-08,126.6,13.54
2026-03-09,104.9,7.46
2026-03-10,120.4,10.24
2026-03-11,177.6,15.9
2026-03-12,183.4,18.8
2026-03-13,179.8,18.56
2026-03-14,91.4,6.38
2026-03-15,115.4,18.04
2026-03-16,176.3,20.29
2026-03-17,173.1,20.27
2026-03-18,160.1,14.44
2026-03-19,142.7,20.09
2026-03-20,99.0,9.67
2026-03-21,122.2,9.9
2026-03-22,141.5,19.94
2026-03-23,174.9,21.25
2026-03-24,194.4,21.45
2026-03-25,170.3,21.5
2026-03-26,160.5,20.48
2026-03-27,164.4,22.16
2026-03-28,132.9,21.59
2026-03-29,111.4,19.77
2026-03-30,176.7,21.93
2026-03-31,168.1,22.42
2026-04-01,168.9,22.63
2026-04-02,147.7,21.28
2026-04-03,154.8,23.02
2026-04-04,158.3,23.12
2026-04-05,144.4,23.35
2026-04-06,136.2,23.85
2026-04-07,128.5,15.89
2026-04-08,152.2,16.44
2026-04-09,184.8,21.24
2026-04-10,196.3,23.41
2026-04-11,114.8,18.1
2026-04-12,116.7,15.67
2026-04-13,167.5,18.51
2026-04-14,186.0,21.76
2026-04-15,208.4,24.81
2026-04-16,219.6,25.46
2026-04-17,221.3,24.56
2026-04-18,181.4,23.84
2026-04-19,166.4,24.78
2026-04-20,202.6,24.47
2026-04-21,147.3,20.81
2026-04-22,192.6,25.95
2026-04-23,170.2,23.63
2026-04-24,169.0,18.61
2026-04-25,156.6,21.39
2026-04-26,149.2,24.6
2026-04-27,194.4,26.65
2026-04-28,171.6,26.17
2026-04-29,139.2,15.81
2026-04-30,208.3,20.76
2026-05-01,156.6,26.56
2026-05-02,125.7,11.46
2026-05-03,147.6,18.6
2026-05-04,172.4,24.65
2026-05-05,206.4,25.69
2026-05-06,228.0,24.38
2026-05-07,186.6,19.7
2026-05-08,183.1,17.5
2026-05-09,128.1,15.35
2026-05-10,140.0,16.02
2026-05-11,209.9,21.52
2026-05-12,194.1,24.78
2026-05-13,205.4,25.21
2026-05-14,207.7,28.18
2026-05-15,171.5,22.85
2026-05-16,213.0,29.76
2026-05-17,184.3,26.0
2026-05-18,202.6,28.18
2026-05-19,211.5,29.15
2026-05-20,233.0,29.7
2026-05-21,224.4,29.95
2026-05-22,222.8,29.6
2026-05-23,200.9,30.5
2026-05-24,172.5,29.51
2026-05-25,216.7,29.66
2026-05-26,249.6,30.29
2026-05-27,244.5,29.28
2026-05-28,260.4,30.6
2026-05-29,269.4,30.46
2026-05-30,238.5,29.17
2026-05-31,222.1,28.46
2026-06-01,257.8,29.55
2026-06-02,230.2,28.91
2026-06-03,248.9,28.92
2026-06-04,215.7,29.02
2026-06-05,224.3,27.26
2026-06-06,233.4,28.54
2026-06-07,190.5,29.28
2026-06-08,248.3,30.55
2026-06-09,233.2,30.3
2026-06-10,217.0,30.65
2026-06-11,224.4,30.36
2026-06-12,244.4,30.52
2026-06-13,219.2,30.3
2026-06-14,199.7,25.79
2026-06-15,250.9,28.55
2026-06-16,254.3,28.54
2026-06-17,252.0,30.63
2026-06-18,259.8,30.32
2026-06-19,258.8,28.04
2026-06-20,233.8,25.23
2026-06-21,230.5,29.96
2026-06-22,242.9,27.85
2026-06-23,250.7,30.95
2026-06-24,244.7,30.1
2026-06-25,238.6,27.1
2026-06-26,270.2,30.4
2026-06-27,251.0,30.35
2026-06-28,209.4,26.57
2026-06-29,247.4,29.62
2026-06-30,261.0,28.85
2026-07-01,236.8,29.56
2026-07-02,228.0,31.13
2026-07-03,253.3,30.7
2026-07-04,241.0,30.22
2026-07-05,255.3,29.61
2026-07-06,271.1,28.61
2026-07-07,248.4,24.82
2026-07-08,280.2,29.94
2026-07-09,277.6,30.37
2026-07-10,260.1,27.98
2026-07-11,251.9,29.83
2026-07-12,209.6,27.62
2026-07-13,255.4,30.16
2026-07-14,255.1,29.9
2026-07-15,220.1,29.7
2026-07-16,232.7,29.58
2026-07-17,252.1,30.16
2026-07-18,249.3,28.33
2026-07-19,245.7,29.11
2026-07-20,266.1,29.84
2026-07-21,257.8,29.42
2026-07-22,249.2,28.08
2026-07-23,251.3,29.29
2026-07-24,251.3,29.54
2026-07-25,201.4,26.61
2026-07-26,197.8,29.04
2026-07-27,263.9,28.9
2026-07-28,263.2,28.78
2026-07-29,269.8,28.57
2026-07-30,268.3,28.38
2026-07-31,266.4,28.7
2026-08-01,267.5,28.3
2026-08-02,248.2,28.63
2026-08-03,220.7,22.84
2026-08-04,264.5,27.83
2026-08-05,287.2,27.23
2026-08-06,277.6,27.1
2026-08-07,278.3,27.76
2026-08-08,243.1,26.61
2026-08-09,249.2,26.32
2026-08-10,256.9,27.48
2026-08-11,280.5,27.41
2026-08-12,273.1,26.99
2026-08-13,270.7,26.65
2026-08-14,240.5,24.3
2026-08-15,191.9,19.3
2026-08-16,232.4,25.5
2026-08-17,263.5,25.3
2026-08-18,274.3,25.19
2026-08-19,261.2,25.55
2026-08-20,205.0,23.34
2026-08-21,240.7,24.13
2026-08-22,201.8,22.67
2026-08-23,191.5,23.27
2026-08-24,186.7,21.6
2026-08-25,231.7,22.66
2026-08-26,190.1,22.47
2026-08-27,177.5,13.37
2026-08-28,209.8,24.76
2026-08-29,205.2,24.68
2026-08-30,198.0,24.56
2026-08-31,244.1,24.3
2026-09-01,229.6,24.02
2026-09-02,247.9,24.02
2026-09-03,271.3,24.15
2026-09-04,242.1,22.93
2026-09-05,181.1,15.54
2026-09-06,203.8,21.84
2026-09-07,246.3,22.45
2026-09-08,229.4,21.91
2026-09-09,215.6,20.85
2026-09-10,239.7,22.03
2026-09-11,225.1,22.8
2026-09-12,209.7,22.35
2026-09-13,216.9,21.96
2026-09-14,246.2,21.94
2026-09-15,251.2,21.82
2026-09-16,189.0,16.94
2026-09-17,203.1,18.1
2026-09-18,218.9,20.51
2026-09-19,206.1,20.82
2026-09-20,193.0,20.66
2026-09-21,230.2,20.69
2026-09-22,228.6,21.04
2026-09-23,235.0,20.26
2026-09-24,225.9,19.97
2026-09-25,233.8,19.93
2026-09-26,206.7,17.59
2026-09-27,156.5,14.71
